\BOOKMARK [0][-]{chapter*.1}{\376\377\000P\000r\000e\000f\000a\000c\000e}{}% 1
\BOOKMARK [0][-]{chapter*.2}{\376\377\000P\000r\000o\000l\000o\000g\000u\000e}{}% 2
\BOOKMARK [-1][-]{part.1}{\376\377\000I\000\040\000O\000n\000e\000\040\000I\000o\000n\000,\000\040\000T\000w\000o\000\040\000C\000r\000o\000w\000n\000s}{}% 3
\BOOKMARK [0][-]{chapter.1}{\376\377\000T\000h\000e\000\040\000I\000o\000n\000'\000s\000\040\000J\000o\000u\000r\000n\000e\000y\000:\000\040\000C\000l\000a\000s\000s\000i\000c\000a\000l\000\040\000a\000n\000d\000\040\000Q\000u\000a\000n\000t\000u\000m\000\040\000i\000n\000\040\000C\000o\000n\000c\000e\000r\000t}{part.1}% 4
\BOOKMARK [1][-]{section.1.1}{\376\377\000P\000r\000o\000l\000o\000g\000u\000e\000:\000\040\000O\000n\000e\000\040\000M\000o\000l\000e\000c\000u\000l\000e\000,\000\040\000M\000a\000n\000y\000\040\000L\000a\000n\000g\000u\000a\000g\000e\000s}{chapter.1}% 5
\BOOKMARK [1][-]{section.1.2}{\376\377\000S\000t\000a\000g\000e\000\040\000O\000n\000e\000:\000\040\000E\000l\000e\000c\000t\000r\000o\000s\000p\000r\000a\000y\000\040\000I\000o\000n\000i\000s\000a\000t\000i\000o\000n}{chapter.1}% 6
\BOOKMARK [1][-]{section.1.3}{\376\377\000S\000t\000a\000g\000e\000\040\000T\000w\000o\000:\000\040\000C\000h\000r\000o\000m\000a\000t\000o\000g\000r\000a\000p\000h\000i\000c\000\040\000S\000e\000p\000a\000r\000a\000t\000i\000o\000n\000\040\000a\000n\000d\000\040\000I\000o\000n\000\040\000T\000r\000a\000n\000s\000f\000e\000r}{chapter.1}% 7
\BOOKMARK [1][-]{section.1.4}{\376\377\000S\000t\000a\000g\000e\000\040\000T\000h\000r\000e\000e\000:\000\040\000M\000a\000s\000s\000\040\000A\000n\000a\000l\000y\000s\000i\000s\000\040\000o\000n\000\040\000F\000o\000u\000r\000\040\000P\000l\000a\000t\000f\000o\000r\000m\000s}{chapter.1}% 8
\BOOKMARK [2][-]{subsection.1.4.1}{\376\377\000T\000i\000m\000e\000-\000o\000f\000-\000F\000l\000i\000g\000h\000t\000\040\000A\000n\000a\000l\000y\000s\000i\000s}{section.1.4}% 9
\BOOKMARK [2][-]{subsection.1.4.2}{\376\377\000O\000r\000b\000i\000t\000r\000a\000p\000\040\000A\000n\000a\000l\000y\000s\000i\000s}{section.1.4}% 10
\BOOKMARK [2][-]{subsection.1.4.3}{\376\377\000F\000T\000-\000I\000C\000R\000\040\000A\000n\000a\000l\000y\000s\000i\000s}{section.1.4}% 11
\BOOKMARK [2][-]{subsection.1.4.4}{\376\377\000Q\000u\000a\000d\000r\000u\000p\000o\000l\000e\000\040\000M\000a\000s\000s\000\040\000F\000i\000l\000t\000e\000r}{section.1.4}% 12
\BOOKMARK [2][-]{subsection.1.4.5}{\376\377\000T\000h\000e\000\040\000F\000o\000u\000r\000-\000P\000l\000a\000t\000f\000o\000r\000m\000\040\000S\000u\000m\000m\000a\000r\000y}{section.1.4}% 13
\BOOKMARK [1][-]{section.1.5}{\376\377\000S\000t\000a\000g\000e\000\040\000F\000o\000u\000r\000:\000\040\000F\000r\000a\000g\000m\000e\000n\000t\000a\000t\000i\000o\000n}{chapter.1}% 14
\BOOKMARK [1][-]{section.1.6}{\376\377\000S\000t\000a\000g\000e\000\040\000F\000i\000v\000e\000:\000\040\000D\000e\000t\000e\000c\000t\000i\000o\000n}{chapter.1}% 15
\BOOKMARK [1][-]{section.1.7}{\376\377\000E\000p\000i\000l\000o\000g\000u\000e\000:\000\040\000W\000h\000a\000t\000\040\000t\000h\000e\000\040\000I\000o\000n\000\040\000H\000a\000s\000\040\000S\000h\000o\000w\000n}{chapter.1}% 16
\BOOKMARK [-1][-]{part.2}{\376\377\000I\000I\000\040\000T\000h\000e\000\040\000A\000x\000i\000o\000m}{}% 17
\BOOKMARK [0][-]{chapter.2}{\376\377\000T\000h\000e\000\040\000B\000o\000u\000n\000d\000e\000d\000\040\000P\000h\000a\000s\000e\000\040\000S\000p\000a\000c\000e\000\040\000L\000a\000w}{part.2}% 18
\BOOKMARK [1][-]{section.2.1}{\376\377\000A\000\040\000S\000i\000n\000g\000l\000e\000\040\000C\000l\000a\000i\000m}{chapter.2}% 19
\BOOKMARK [1][-]{section.2.2}{\376\377\000T\000h\000e\000\040\000D\000e\000d\000u\000c\000t\000i\000v\000e\000\040\000P\000r\000o\000t\000o\000c\000o\000l}{chapter.2}% 20
\BOOKMARK [1][-]{section.2.3}{\376\377\000E\000m\000p\000i\000r\000i\000c\000a\000l\000\040\000G\000r\000o\000u\000n\000d\000i\000n\000g\000\040\000o\000f\000\040\000t\000h\000e\000\040\000A\000x\000i\000o\000m}{chapter.2}% 21
\BOOKMARK [1][-]{section.2.4}{\376\377\000F\000o\000r\000m\000a\000l\000\040\000S\000t\000a\000t\000e\000m\000e\000n\000t\000\040\000o\000f\000\040\000t\000h\000e\000\040\000A\000x\000i\000o\000m}{chapter.2}% 22
\BOOKMARK [2][-]{subsection.2.4.1}{\376\377\000R\000e\000m\000a\000r\000k\000s\000\040\000o\000n\000\040\000t\000h\000e\000\040\000F\000o\000r\000m\000a\000l\000\040\000S\000t\000a\000t\000e\000m\000e\000n\000t}{section.2.4}% 23
\BOOKMARK [1][-]{section.2.5}{\376\377\000T\000h\000e\000\040\000A\000t\000t\000a\000c\000k\000\040\000S\000u\000r\000f\000a\000c\000e}{chapter.2}% 24
\BOOKMARK [1][-]{section.2.6}{\376\377\000M\000a\000t\000h\000e\000m\000a\000t\000i\000c\000a\000l\000\040\000P\000r\000e\000r\000e\000q\000u\000i\000s\000i\000t\000e\000s}{chapter.2}% 25
\BOOKMARK [1][-]{section.2.7}{\376\377\000T\000h\000e\000\040\000A\000x\000i\000o\000m\000\040\000a\000s\000\040\000G\000e\000n\000e\000r\000a\000t\000o\000r\000\040\000o\000f\000\040\000O\000b\000s\000e\000r\000v\000a\000b\000i\000l\000i\000t\000y}{chapter.2}% 26
\BOOKMARK [1][-]{section.2.8}{\376\377\000T\000h\000e\000\040\000A\000x\000i\000o\000m\000\040\000D\000o\000e\000s\000\040\000N\000o\000t\000\040\000A\000s\000s\000u\000m\000e}{chapter.2}% 27
\BOOKMARK [1][-]{section.2.9}{\376\377\000O\000r\000g\000a\000n\000i\000s\000a\000t\000i\000o\000n\000\040\000o\000f\000\040\000t\000h\000e\000\040\000C\000o\000n\000s\000e\000q\000u\000e\000n\000c\000e\000s}{chapter.2}% 28
\BOOKMARK [0][-]{chapter.3}{\376\377\000O\000s\000c\000i\000l\000l\000a\000t\000o\000r\000y\000\040\000N\000e\000c\000e\000s\000s\000i\000t\000y\000\040\000a\000n\000d\000\040\000t\000h\000e\000\040\000D\000i\000s\000c\000r\000e\000t\000e\000\040\000S\000p\000e\000c\000t\000r\000u\000m}{part.2}% 29
\BOOKMARK [1][-]{section.3.1}{\376\377\000P\000o\000i\000n\000c\000a\000r\000\351\000\040\000R\000e\000c\000u\000r\000r\000e\000n\000c\000e}{chapter.3}% 30
\BOOKMARK [1][-]{section.3.2}{\376\377\000N\000o\000\040\000P\000e\000r\000s\000i\000s\000t\000e\000n\000c\000e\000\040\000W\000i\000t\000h\000o\000u\000t\000\040\000B\000o\000u\000n\000d\000s}{chapter.3}% 31
\BOOKMARK [1][-]{section.3.3}{\376\377\000O\000s\000c\000i\000l\000l\000a\000t\000o\000r\000y\000\040\000N\000e\000c\000e\000s\000s\000i\000t\000y}{chapter.3}% 32
\BOOKMARK [1][-]{section.3.4}{\376\377\000D\000i\000s\000c\000r\000e\000t\000e\000\040\000M\000o\000d\000e\000\040\000S\000p\000e\000c\000t\000r\000u\000m}{chapter.3}% 33
\BOOKMARK [1][-]{section.3.5}{\376\377\000T\000h\000e\000\040\000F\000r\000e\000q\000u\000e\000n\000c\000y\040\023\000E\000n\000e\000r\000g\000y\000\040\000I\000d\000e\000n\000t\000i\000t\000y}{chapter.3}% 34
\BOOKMARK [1][-]{section.3.6}{\376\377\000E\000c\000o\000n\000o\000m\000y\000\040\000o\000f\000\040\000P\000o\000s\000t\000u\000l\000a\000t\000e\000s}{chapter.3}% 35
\BOOKMARK [0][-]{chapter.4}{\376\377\000P\000a\000r\000t\000i\000t\000i\000o\000n\000\040\000C\000o\000o\000r\000d\000i\000n\000a\000t\000e\000s\000\040\000a\000n\000d\000\040\000t\000h\000e\000\040\000G\000e\000o\000m\000e\000t\000r\000y\000\040\000o\000f\000\040\000S\000t\000a\000t\000e\000s}{part.2}% 36
\BOOKMARK [1][-]{section.4.1}{\376\377\000P\000a\000r\000t\000i\000t\000i\000o\000n\000\040\000A\000l\000g\000e\000b\000r\000a\000\040\000a\000n\000d\000\040\000C\000o\000u\000n\000t\000a\000b\000l\000e\000\040\000G\000e\000n\000e\000r\000a\000t\000i\000o\000n}{chapter.4}% 37
\BOOKMARK [1][-]{section.4.2}{\376\377\000P\000a\000r\000t\000i\000t\000i\000o\000n\000\040\000C\000o\000o\000r\000d\000i\000n\000a\000t\000e\000s\000\040\000\050\000n\000,\000l\000,\000m\000,\000s\000\051}{chapter.4}% 38
\BOOKMARK [1][-]{section.4.3}{\376\377\000S\000h\000e\000l\000l\000\040\000C\000a\000p\000a\000c\000i\000t\000y\000\040\000C\000\050\000n\000\051\000=\0002\000n\0002}{chapter.4}% 39
\BOOKMARK [1][-]{section.4.4}{\376\377\000S\000e\000l\000e\000c\000t\000i\000o\000n\000\040\000R\000u\000l\000e\000s}{chapter.4}% 40
\BOOKMARK [1][-]{section.4.5}{\376\377\000T\000h\000e\000\040\000E\000x\000c\000l\000u\000s\000i\000o\000n\000\040\000P\000r\000i\000n\000c\000i\000p\000l\000e}{chapter.4}% 41
\BOOKMARK [1][-]{section.4.6}{\376\377\000C\000o\000m\000p\000r\000e\000s\000s\000i\000o\000n\000\040\000C\000o\000s\000t\000\040\000a\000n\000d\000\040\000B\000i\000n\000d\000i\000n\000g\000\040\000E\000n\000e\000r\000g\000y}{chapter.4}% 42
\BOOKMARK [1][-]{section.4.7}{\376\377\000T\000h\000r\000e\000e\000-\000D\000i\000m\000e\000n\000s\000i\000o\000n\000a\000l\000\040\000S\000p\000a\000c\000e\000\040\000f\000r\000o\000m\000\040\000P\000a\000r\000t\000i\000t\000i\000o\000n\000\040\000G\000e\000o\000m\000e\000t\000r\000y}{chapter.4}% 43
\BOOKMARK [1][-]{section.4.8}{\376\377\000E\000c\000o\000n\000o\000m\000y\000\040\000o\000f\000\040\000P\000o\000s\000t\000u\000l\000a\000t\000e\000s}{chapter.4}% 44
\BOOKMARK [-1][-]{part.3}{\376\377\000I\000I\000I\000\040\000T\000h\000e\000\040\000F\000i\000r\000s\000t\000\040\000C\000r\000o\000w\000n\000\040\040\024\000\040\000C\000l\000a\000s\000s\000i\000c\000a\000l\000\040\000M\000e\000c\000h\000a\000n\000i\000c\000s\000\040\000f\000r\000o\000m\000\040\000B\000o\000u\000n\000d\000e\000d\000n\000e\000s\000s}{}% 45
\BOOKMARK [0][-]{chapter.5}{\376\377\000T\000h\000e\000\040\000P\000a\000r\000t\000i\000t\000i\000o\000n\000\040\000L\000a\000g\000r\000a\000n\000g\000i\000a\000n}{part.3}% 46
\BOOKMARK [1][-]{section.5.1}{\376\377\000T\000h\000e\000\040\000P\000a\000r\000t\000i\000t\000i\000o\000n\000\040\000D\000e\000p\000t\000h\000\040\000F\000i\000e\000l\000d\000\040\000a\000n\000d\000\040\000t\000h\000e\000\040\000P\000a\000r\000t\000i\000t\000i\000o\000n\000\040\000V\000e\000c\000t\000o\000r\000\040\000P\000o\000t\000e\000n\000t\000i\000a\000l}{chapter.5}% 47
\BOOKMARK [1][-]{section.5.2}{\376\377\000T\000h\000e\000\040\000P\000a\000r\000t\000i\000t\000i\000o\000n\000\040\000L\000a\000g\000r\000a\000n\000g\000i\000a\000n}{chapter.5}% 48
\BOOKMARK [2][-]{subsection.5.2.1}{\376\377\000E\000x\000p\000l\000i\000c\000i\000t\000\040\000E\000u\000l\000e\000r\040\023\000L\000a\000g\000r\000a\000n\000g\000e\000\040\000C\000a\000l\000c\000u\000l\000a\000t\000i\000o\000n}{section.5.2}% 49
\BOOKMARK [2][-]{subsection.5.2.2}{\376\377\000B\000e\000y\000o\000n\000d\000\040\000t\000h\000e\000\040\000L\000o\000r\000e\000n\000t\000z\000-\000F\000o\000r\000c\000e\000\040\000S\000h\000a\000p\000e}{section.5.2}% 50
\BOOKMARK [1][-]{section.5.3}{\376\377\000N\000o\000e\000t\000h\000e\000r\000'\000s\000\040\000T\000h\000e\000o\000r\000e\000m\000\040\000a\000n\000d\000\040\000t\000h\000e\000\040\000C\000o\000n\000s\000e\000r\000v\000a\000t\000i\000o\000n\000\040\000L\000a\000w\000s}{chapter.5}% 51
\BOOKMARK [1][-]{section.5.4}{\376\377\000P\000a\000r\000t\000i\000t\000i\000o\000n\000\040\000S\000p\000a\000t\000i\000a\000l\000\040\000a\000n\000d\000\040\000T\000e\000m\000p\000o\000r\000a\000l\000\040\000R\000e\000s\000o\000l\000u\000t\000i\000o\000n}{chapter.5}% 52
\BOOKMARK [1][-]{section.5.5}{\376\377\000P\000a\000r\000t\000i\000t\000i\000o\000n\000\040\000L\000a\000g\000\040\000a\000n\000d\000\040\000U\000n\000d\000e\000t\000e\000r\000m\000i\000n\000e\000d\000\040\000R\000e\000s\000i\000d\000u\000e}{chapter.5}% 53
\BOOKMARK [1][-]{section.5.6}{\376\377\000F\000o\000r\000c\000e\000-\000F\000r\000e\000e\000\040\000I\000o\000n\000\040\000T\000r\000a\000j\000e\000c\000t\000o\000r\000i\000e\000s\000\040\000i\000n\000\040\000M\000a\000s\000s\000\040\000S\000p\000e\000c\000t\000r\000o\000m\000e\000t\000r\000y}{chapter.5}% 54
\BOOKMARK [0][-]{chapter.6}{\376\377\000T\000h\000e\000\040\000P\000r\000o\000p\000a\000g\000a\000t\000i\000o\000n\000\040\000B\000o\000u\000n\000d\000\040\000a\000n\000d\000\040\000L\000o\000r\000e\000n\000t\000z\000\040\000I\000n\000v\000a\000r\000i\000a\000n\000c\000e}{part.3}% 55
\BOOKMARK [1][-]{section.6.1}{\376\377\000T\000h\000e\000\040\000U\000n\000i\000v\000e\000r\000s\000a\000l\000\040\000P\000r\000o\000p\000a\000g\000a\000t\000i\000o\000n\000\040\000B\000o\000u\000n\000d}{chapter.6}% 56
\BOOKMARK [1][-]{section.6.2}{\376\377\000T\000h\000e\000\040\000C\000a\000t\000e\000g\000o\000r\000i\000c\000a\000l\000\040\000E\000x\000p\000r\000e\000s\000s\000i\000o\000n\000\040\000f\000o\000r\000\040\000c}{chapter.6}% 57
\BOOKMARK [2][-]{subsection.6.2.1}{\376\377\000N\000u\000m\000e\000r\000i\000c\000a\000l\000\040\000v\000a\000l\000u\000e\000\040\000f\000r\000o\000m\000\040\000a\000\040\000s\000i\000n\000g\000l\000e\000\040\000a\000t\000o\000m\000i\000c\000\040\000t\000r\000a\000n\000s\000i\000t\000i\000o\000n}{section.6.2}% 58
\BOOKMARK [2][-]{subsection.6.2.2}{\376\377\000T\000h\000e\000\040\000e\000l\000e\000c\000t\000r\000o\000m\000a\000g\000n\000e\000t\000i\000c\000\040\000s\000p\000e\000c\000t\000r\000u\000m\000\040\000a\000s\000\040\000a\000\040\000p\000a\000r\000t\000i\000t\000i\000o\000n\000-\000l\000a\000g\000\040\000r\000a\000n\000g\000e}{section.6.2}% 59
\BOOKMARK [1][-]{section.6.3}{\376\377\000L\000o\000r\000e\000n\000t\000z\000\040\000I\000n\000v\000a\000r\000i\000a\000n\000c\000e\000\040\000f\000r\000o\000m\000\040\000O\000s\000c\000i\000l\000l\000a\000t\000o\000r\000y\000\040\000U\000n\000i\000v\000e\000r\000s\000a\000l\000i\000t\000y}{chapter.6}% 60
\BOOKMARK [2][-]{subsection.6.3.1}{\376\377\000C\000o\000r\000o\000l\000l\000a\000r\000i\000e\000s\000\040\000o\000f\000\040\000L\000o\000r\000e\000n\000t\000z\000\040\000i\000n\000v\000a\000r\000i\000a\000n\000c\000e}{section.6.3}% 61
\BOOKMARK [2][-]{subsection.6.3.2}{\376\377\000T\000h\000e\000\040\000i\000d\000e\000n\000t\000i\000f\000i\000c\000a\000t\000i\000o\000n\000\040\000o\000f\000\040\000c\000\040\000w\000i\000t\000h\000\040\000t\000h\000e\000\040\000s\000p\000e\000e\000d\000\040\000o\000f\000\040\000l\000i\000g\000h\000t}{section.6.3}% 62
\BOOKMARK [1][-]{section.6.4}{\376\377\000M\000a\000s\000s\000l\000e\000s\000s\000\040\000M\000o\000d\000e\000s\000\040\000S\000a\000t\000u\000r\000a\000t\000e\000\040\000c}{chapter.6}% 63
\BOOKMARK [1][-]{section.6.5}{\376\377\000T\000h\000e\000\040\000P\000o\000s\000i\000t\000i\000v\000e\000\040\000R\000e\000s\000t\000\040\000F\000r\000e\000q\000u\000e\000n\000c\000y}{chapter.6}% 64
\BOOKMARK [2][-]{subsection.6.5.1}{\376\377\000T\000h\000e\000\040\000C\000o\000m\000p\000t\000o\000n\000\040\000w\000a\000v\000e\000l\000e\000n\000g\000t\000h}{section.6.5}% 65
\BOOKMARK [1][-]{section.6.6}{\376\377\000T\000h\000e\000\040\000R\000e\000l\000a\000t\000i\000v\000i\000s\000t\000i\000c\000\040\000D\000i\000s\000p\000e\000r\000s\000i\000o\000n\000\040\000R\000e\000l\000a\000t\000i\000o\000n}{chapter.6}% 66
\BOOKMARK [0][-]{chapter.7}{\376\377\000M\000a\000s\000s\000\040\000a\000s\000\040\000A\000c\000c\000u\000m\000u\000l\000a\000t\000e\000d\000\040\000N\000o\000n\000-\000A\000c\000t\000u\000a\000l\000i\000s\000a\000t\000i\000o\000n}{part.3}% 67
\BOOKMARK [1][-]{section.7.1}{\376\377\000I\000n\000e\000r\000t\000i\000a\000l\000\040\000M\000a\000s\000s\000\040\000f\000r\000o\000m\000\040\000t\000h\000e\000\040\000D\000i\000s\000p\000e\000r\000s\000i\000o\000n\000\040\000R\000e\000l\000a\000t\000i\000o\000n}{chapter.7}% 68
\BOOKMARK [2][-]{subsection.7.1.1}{\376\377\000N\000u\000m\000e\000r\000i\000c\000a\000l\000\040\000c\000o\000n\000f\000i\000r\000m\000a\000t\000i\000o\000n}{section.7.1}% 69
\BOOKMARK [2][-]{subsection.7.1.2}{\376\377\000W\000h\000y\000\040\000m\000a\000s\000s\000\040\000i\000s\000\040\000p\000o\000s\000i\000t\000i\000v\000e}{section.7.1}% 70
\BOOKMARK [1][-]{section.7.2}{\376\377\000T\000h\000e\000\040\000L\000o\000s\000c\000h\000m\000i\000d\000t\000\040\000P\000r\000i\000n\000c\000i\000p\000l\000e\000\040\000a\000n\000d\000\040\000t\000h\000e\000\040\000A\000r\000r\000o\000w\000\040\000o\000f\000\040\000T\000i\000m\000e}{chapter.7}% 71
\BOOKMARK [2][-]{subsection.7.2.1}{\376\377\000T\000h\000e\000\040\000t\000h\000i\000r\000d\000\040\000l\000a\000w\000\040\000o\000f\000\040\000t\000h\000e\000r\000m\000o\000d\000y\000n\000a\000m\000i\000c\000s}{section.7.2}% 72
\BOOKMARK [1][-]{section.7.3}{\376\377\000M\000a\000s\000s\000\040\000a\000s\000\040\000A\000c\000c\000u\000m\000u\000l\000a\000t\000e\000d\000\040\000N\000o\000n\000-\000A\000c\000t\000u\000a\000l\000i\000s\000a\000t\000i\000o\000n}{chapter.7}% 73
\BOOKMARK [2][-]{subsection.7.3.1}{\376\377\000N\000o\000n\000-\000a\000c\000t\000u\000a\000l\000i\000s\000a\000t\000i\000o\000n\000\040\000r\000a\000t\000e\000\040\000a\000s\000\040\000a\000\040\000p\000h\000y\000s\000i\000c\000a\000l\000\040\000p\000r\000o\000p\000e\000r\000t\000y}{section.7.3}% 74
\BOOKMARK [1][-]{section.7.4}{\376\377\000M\000a\000s\000s\040\023\000E\000n\000e\000r\000g\000y\000\040\000E\000q\000u\000i\000v\000a\000l\000e\000n\000c\000e}{chapter.7}% 75
\BOOKMARK [2][-]{subsection.7.4.1}{\376\377\000D\000e\000c\000o\000m\000p\000o\000s\000i\000t\000i\000o\000n\000\040\000o\000f\000\040\000e\000n\000e\000r\000g\000y\000\040\000i\000n\000t\000o\000\040\000r\000e\000s\000t\000\040\000a\000n\000d\000\040\000k\000i\000n\000e\000t\000i\000c\000\040\000c\000o\000m\000p\000o\000n\000e\000n\000t\000s}{section.7.4}% 76
\BOOKMARK [2][-]{subsection.7.4.2}{\376\377\000T\000h\000e\000\040\000p\000h\000o\000t\000o\000n\000\040\000a\000s\000\040\000t\000h\000e\000\040\000m\000a\000s\000s\000l\000e\000s\000s\000\040\000l\000i\000m\000i\000t}{section.7.4}% 77
\BOOKMARK [2][-]{subsection.7.4.3}{\376\377\000B\000i\000n\000d\000i\000n\000g\000\040\000e\000n\000e\000r\000g\000y\000\040\000r\000e\000d\000u\000c\000e\000s\000\040\000m\000a\000s\000s}{section.7.4}% 78
\BOOKMARK [1][-]{section.7.5}{\376\377\000E\000q\000u\000i\000v\000a\000l\000e\000n\000c\000e\000\040\000o\000f\000\040\000I\000n\000e\000r\000t\000i\000a\000l\000\040\000a\000n\000d\000\040\000G\000r\000a\000v\000i\000t\000a\000t\000i\000o\000n\000a\000l\000\040\000M\000a\000s\000s}{chapter.7}% 79
\BOOKMARK [2][-]{subsection.7.5.1}{\376\377\000W\000e\000i\000g\000h\000t\000\040\000a\000n\000d\000\040\000m\000a\000s\000s\000:\000\040\000i\000n\000e\000r\000t\000i\000a\000l\000\040\000v\000s\000.\000\040\000g\000r\000a\000v\000i\000t\000a\000t\000i\000o\000n\000a\000l}{section.7.5}% 80
\BOOKMARK [0][-]{chapter.8}{\376\377\000C\000h\000a\000r\000g\000e\000\040\000a\000s\000\040\000a\000\040\000B\000o\000u\000n\000d\000a\000r\000y\000\040\000P\000r\000o\000p\000e\000r\000t\000y}{part.3}% 81
\BOOKMARK [1][-]{section.8.1}{\376\377\000C\000h\000a\000r\000g\000e\000\040\000E\000m\000e\000r\000g\000e\000n\000c\000e\000\040\000f\000r\000o\000m\000\040\000P\000a\000r\000t\000i\000t\000i\000o\000n\000\040\000B\000o\000u\000n\000d\000a\000r\000i\000e\000s}{chapter.8}% 82
\BOOKMARK [2][-]{subsection.8.1.1}{\376\377\000T\000h\000e\000\040\000f\000i\000v\000e\000\040\000a\000r\000g\000u\000m\000e\000n\000t\000s\000\040\000c\000o\000m\000p\000a\000r\000e\000d}{section.8.1}% 83
\BOOKMARK [2][-]{subsection.8.1.2}{\376\377\000O\000b\000s\000e\000r\000v\000a\000t\000i\000o\000n\000a\000l\000\040\000t\000e\000s\000t\000:\000\040\000c\000h\000a\000r\000g\000e\000\040\000o\000n\000\040\000a\000\040\000c\000o\000n\000d\000u\000c\000t\000o\000r}{section.8.1}% 84
\BOOKMARK [1][-]{section.8.2}{\376\377\000E\000x\000a\000c\000t\000\040\000Q\000u\000a\000n\000t\000i\000s\000a\000t\000i\000o\000n\000\040\000o\000f\000\040\000C\000h\000a\000r\000g\000e}{chapter.8}% 85
\BOOKMARK [2][-]{subsection.8.2.1}{\376\377\000F\000r\000a\000c\000t\000i\000o\000n\000a\000l\000\040\000c\000h\000a\000r\000g\000e\000s\000\040\000i\000n\000\040\000s\000u\000b\000-\000n\000u\000c\000l\000e\000a\000r\000\040\000p\000h\000y\000s\000i\000c\000s}{section.8.2}% 86
\BOOKMARK [1][-]{section.8.3}{\376\377\000G\000a\000u\000g\000e\000\040\000S\000t\000r\000u\000c\000t\000u\000r\000e\000\040\000a\000n\000d\000\040\000t\000h\000e\000\040\000C\000o\000u\000l\000o\000m\000b\000\040\000F\000i\000e\000l\000d}{chapter.8}% 87
\BOOKMARK [2][-]{subsection.8.3.1}{\376\377\000G\000a\000u\000g\000e\000\040\000i\000n\000v\000a\000r\000i\000a\000n\000c\000e\000\040\000f\000r\000o\000m\000\040\000t\000h\000e\000\040\000s\000c\000a\000l\000a\000r\000-\000v\000e\000c\000t\000o\000r\000\040\000c\000o\000u\000p\000l\000i\000n\000g}{section.8.3}% 88
\BOOKMARK [2][-]{subsection.8.3.2}{\376\377\000T\000h\000e\000\040\000C\000o\000u\000l\000o\000m\000b\000\040\000f\000i\000e\000l\000d\000\040\000a\000s\000\040\000t\000h\000e\000\040\000p\000a\000r\000t\000i\000t\000i\000o\000n\000\040\000d\000e\000p\000t\000h\000\040\000g\000r\000a\000d\000i\000e\000n\000t}{section.8.3}% 89
\BOOKMARK [2][-]{subsection.8.3.3}{\376\377\000D\000i\000m\000e\000n\000s\000i\000o\000n\000a\000l\000\040\000a\000n\000a\000l\000y\000s\000i\000s}{section.8.3}% 90
\BOOKMARK [-1][-]{part.4}{\376\377\000I\000V\000\040\000T\000h\000e\000\040\000S\000e\000c\000o\000n\000d\000\040\000C\000r\000o\000w\000n\000\040\040\024\000\040\000Q\000u\000a\000n\000t\000u\000m\000\040\000S\000t\000r\000u\000c\000t\000u\000r\000e\000\040\000f\000r\000o\000m\000\040\000G\000e\000o\000m\000e\000t\000r\000y}{}% 91
\BOOKMARK [0][-]{chapter.9}{\376\377\000T\000h\000e\000\040\000S\000h\000e\000l\000l\000\040\000C\000a\000p\000a\000c\000i\000t\000y\000\040\000a\000n\000d\000\040\000S\000e\000l\000e\000c\000t\000i\000o\000n\000\040\000R\000u\000l\000e\000s}{part.4}% 92
\BOOKMARK [1][-]{section.9.1}{\376\377\000T\000h\000e\000\040\000C\000o\000u\000l\000o\000m\000b\000\040\000E\000n\000v\000e\000l\000o\000p\000e\000\040\000f\000r\000o\000m\000\040\000P\000a\000r\000t\000i\000t\000i\000o\000n\000\040\000G\000e\000o\000m\000e\000t\000r\000y}{chapter.9}% 93
\BOOKMARK [2][-]{subsection.9.1.1}{\376\377\000T\000h\000e\000\040\000C\000o\000u\000l\000o\000m\000b\000\040\000e\000n\000v\000e\000l\000o\000p\000e\000\040\000o\000u\000t\000s\000i\000d\000e\000\040\000t\000h\000e\000\040\000n\000u\000c\000l\000e\000u\000s}{section.9.1}% 94
\BOOKMARK [2][-]{subsection.9.1.2}{\376\377\000I\000n\000t\000e\000r\000i\000o\000r\000\040\000b\000e\000h\000a\000v\000i\000o\000u\000r\000\040\000a\000n\000d\000\040\000P\000a\000u\000l\000i\000\040\000e\000x\000c\000l\000u\000s\000i\000o\000n}{section.9.1}% 95
\BOOKMARK [2][-]{subsection.9.1.3}{\376\377\000C\000o\000n\000n\000e\000c\000t\000i\000o\000n\000\040\000t\000o\000\040\000B\000o\000h\000r\000'\000s\000\040\000m\000o\000d\000e\000l}{section.9.1}% 96
\BOOKMARK [1][-]{section.9.2}{\376\377\000T\000h\000e\000\040\000R\000y\000d\000b\000e\000r\000g\000\040\000F\000o\000r\000m\000u\000l\000a\000\040\000f\000r\000o\000m\000\040\000P\000a\000r\000t\000i\000t\000i\000o\000n\000\040\000C\000o\000u\000n\000t\000i\000n\000g}{chapter.9}% 97
\BOOKMARK [2][-]{subsection.9.2.1}{\376\377\000H\000y\000d\000r\000o\000g\000e\000n\000\040\000s\000e\000r\000i\000e\000s\000:\000\040\000L\000y\000m\000a\000n\000,\000\040\000B\000a\000l\000m\000e\000r\000,\000\040\000P\000a\000s\000c\000h\000e\000n}{section.9.2}% 98
\BOOKMARK [1][-]{section.9.3}{\376\377\000E\000l\000e\000c\000t\000r\000i\000c\000\040\000D\000i\000p\000o\000l\000e\000\040\000S\000e\000l\000e\000c\000t\000i\000o\000n\000\040\000R\000u\000l\000e\000s}{chapter.9}% 99
\BOOKMARK [2][-]{subsection.9.3.1}{\376\377\000I\000l\000l\000u\000s\000t\000r\000a\000t\000i\000v\000e\000\040\000e\000x\000a\000m\000p\000l\000e\000s}{section.9.3}% 100
\BOOKMARK [1][-]{section.9.4}{\376\377\000N\000o\000b\000l\000e\000\040\000G\000a\000s\000\040\000C\000o\000n\000f\000i\000g\000u\000r\000a\000t\000i\000o\000n\000s\000\040\000a\000s\000\040\000P\000a\000r\000t\000i\000t\000i\000o\000n\000\040\000C\000l\000o\000s\000u\000r\000e}{chapter.9}% 101
\BOOKMARK [0][-]{chapter.10}{\376\377\000A\000t\000o\000m\000i\000c\000\040\000S\000t\000r\000u\000c\000t\000u\000r\000e\000\040\000f\000r\000o\000m\000\040\000P\000a\000r\000t\000i\000t\000i\000o\000n\000\040\000D\000e\000p\000t\000h}{part.4}% 102
\BOOKMARK [1][-]{section.10.1}{\376\377\000A\000t\000o\000m\000i\000c\000\040\000S\000h\000e\000l\000l\000\040\000S\000t\000r\000u\000c\000t\000u\000r\000e\000\040\000a\000n\000d\000\040\000t\000h\000e\000\040\000A\000u\000f\000b\000a\000u\000\040\000P\000r\000i\000n\000c\000i\000p\000l\000e}{chapter.10}% 103
\BOOKMARK [2][-]{subsection.10.1.1}{\376\377\000T\000h\000e\000\040\000M\000a\000d\000e\000l\000u\000n\000g\000\040\000r\000u\000l\000e}{section.10.1}% 104
\BOOKMARK [2][-]{subsection.10.1.2}{\376\377\000R\000e\000p\000r\000e\000s\000e\000n\000t\000a\000t\000i\000v\000e\000\040\000g\000r\000o\000u\000n\000d\000-\000s\000t\000a\000t\000e\000\040\000t\000e\000r\000m\000\040\000s\000y\000m\000b\000o\000l\000s}{section.10.1}% 105
\BOOKMARK [2][-]{subsection.10.1.3}{\376\377\000E\000x\000c\000i\000t\000e\000d\000-\000s\000t\000a\000t\000e\000\040\000c\000o\000n\000f\000i\000g\000u\000r\000a\000t\000i\000o\000n\000s}{section.10.1}% 106
\BOOKMARK [2][-]{subsection.10.1.4}{\376\377\000M\000u\000l\000t\000i\000-\000e\000l\000e\000c\000t\000r\000o\000n\000\040\000a\000t\000o\000m\000s\000:\000\040\000L\000S\000\040\000c\000o\000u\000p\000l\000i\000n\000g\000\040\000a\000n\000d\000\040\000j\000j\000\040\000c\000o\000u\000p\000l\000i\000n\000g}{section.10.1}% 107
\BOOKMARK [1][-]{section.10.2}{\376\377\000S\000h\000i\000e\000l\000d\000i\000n\000g\000\040\000a\000n\000d\000\040\000E\000f\000f\000e\000c\000t\000i\000v\000e\000\040\000N\000u\000c\000l\000e\000a\000r\000\040\000C\000h\000a\000r\000g\000e}{chapter.10}% 108
\BOOKMARK [2][-]{subsection.10.2.1}{\376\377\000S\000h\000i\000e\000l\000d\000i\000n\000g\000\040\000f\000r\000o\000m\000\040\000p\000a\000r\000t\000i\000t\000i\000o\000n\000-\000o\000v\000e\000r\000l\000a\000p\000\040\000i\000n\000t\000e\000g\000r\000a\000l\000s}{section.10.2}% 109
\BOOKMARK [2][-]{subsection.10.2.2}{\376\377\000W\000o\000r\000k\000e\000d\000\040\000e\000x\000a\000m\000p\000l\000e\000:\000\040\000p\000o\000t\000a\000s\000s\000i\000u\000m}{section.10.2}% 110
\BOOKMARK [2][-]{subsection.10.2.3}{\376\377\000P\000e\000r\000i\000o\000d\000i\000c\000\040\000t\000r\000e\000n\000d\000s\000\040\000f\000r\000o\000m\000\040\000e\000f\000f\000e\000c\000t\000i\000v\000e\000\040\000n\000u\000c\000l\000e\000a\000r\000\040\000c\000h\000a\000r\000g\000e}{section.10.2}% 111
\BOOKMARK [1][-]{section.10.3}{\376\377\000A\000t\000o\000m\000i\000c\000\040\000E\000m\000p\000t\000i\000n\000e\000s\000s}{chapter.10}% 112
\BOOKMARK [1][-]{theorem.10.2}{\376\377\000E\000p\000i\000l\000o\000g\000u\000e\000\040\000t\000o\000\040\000P\000a\000r\000t\000s\000\040\000I\040\023\000I\000V\000:\000\040\000C\000r\000o\000s\000s\000-\000C\000o\000n\000s\000e\000q\000u\000e\000n\000c\000e\000s}{chapter.10}% 113
\BOOKMARK [0][-]{chapter.11}{\376\377\000N\000u\000c\000l\000e\000a\000r\000\040\000S\000t\000r\000u\000c\000t\000u\000r\000e\000\040\000a\000n\000d\000\040\000M\000a\000g\000i\000c\000\040\000N\000u\000m\000b\000e\000r\000s}{part.4}% 114
\BOOKMARK [1][-]{section.11.1}{\376\377\000T\000h\000e\000\040\000N\000u\000c\000l\000e\000o\000n\000\040\000a\000s\000\040\000a\000\040\000B\000o\000u\000n\000d\000e\000d\000\040\000O\000s\000c\000i\000l\000l\000a\000t\000o\000r\000y\000\040\000S\000y\000s\000t\000e\000m}{chapter.11}% 115
\BOOKMARK [2][-]{subsection.11.1.1}{\376\377\000O\000b\000s\000e\000r\000v\000a\000t\000i\000o\000n\000a\000l\000\040\000a\000n\000d\000\040\000t\000h\000e\000o\000r\000e\000t\000i\000c\000a\000l\000\040\000s\000t\000a\000t\000u\000s\000\040\000o\000f\000\040\000t\000h\000e\000\040\000n\000u\000c\000l\000e\000o\000n}{section.11.1}% 116
\BOOKMARK [2][-]{subsection.11.1.2}{\376\377\000N\000u\000c\000l\000e\000o\000n\000\040\000m\000a\000s\000s}{section.11.1}% 117
\BOOKMARK [2][-]{subsection.11.1.3}{\376\377\000T\000h\000e\000\040\000p\000r\000o\000t\000o\000n\000\040\000a\000n\000d\000\040\000t\000h\000e\000\040\000n\000e\000u\000t\000r\000o\000n}{section.11.1}% 118
\BOOKMARK [2][-]{subsection.11.1.4}{\376\377\000P\000r\000o\000t\000o\000n\000\040\000s\000t\000a\000b\000i\000l\000i\000t\000y}{section.11.1}% 119
\BOOKMARK [1][-]{section.11.2}{\376\377\000N\000u\000c\000l\000e\000o\000n\000\040\000R\000a\000d\000i\000u\000s}{chapter.11}% 120
\BOOKMARK [1][-]{section.11.3}{\376\377\000E\000x\000p\000o\000n\000e\000n\000t\000i\000a\000l\000\040\000C\000h\000a\000r\000g\000e\000\040\000P\000r\000o\000f\000i\000l\000e}{chapter.11}% 121
\BOOKMARK [1][-]{section.11.4}{\376\377\000N\000u\000c\000l\000e\000a\000r\000\040\000R\000a\000d\000i\000u\000s\000\040\000R\000=\000r\0000\000A\0001\000/\0003}{chapter.11}% 122
\BOOKMARK [2][-]{subsection.11.4.1}{\376\377\000B\000e\000y\000o\000n\000d\000\040\000t\000h\000e\000\040\000s\000i\000m\000p\000l\000e\000\040\000s\000c\000a\000l\000i\000n\000g}{section.11.4}% 123
\BOOKMARK [2][-]{subsection.11.4.2}{\376\377\000N\000u\000c\000l\000e\000a\000r\000\040\000d\000e\000n\000s\000i\000t\000y}{section.11.4}% 124
\BOOKMARK [1][-]{section.11.5}{\376\377\000N\000u\000c\000l\000e\000a\000r\000\040\000B\000i\000n\000d\000i\000n\000g\000\040\000f\000r\000o\000m\000\040\000C\000o\000m\000p\000o\000s\000i\000t\000i\000o\000n}{chapter.11}% 125
\BOOKMARK [2][-]{subsection.11.5.1}{\376\377\000A\000l\000p\000h\000a\000\040\000d\000e\000c\000a\000y\000\040\000a\000n\000d\000\040\000b\000e\000t\000a\000\040\000d\000e\000c\000a\000y}{section.11.5}% 126
\BOOKMARK [1][-]{section.11.6}{\376\377\000M\000a\000g\000i\000c\000\040\000N\000u\000m\000b\000e\000r\000s}{chapter.11}% 127
\BOOKMARK [2][-]{subsection.11.6.1}{\376\377\000T\000h\000e\000\040\000i\000s\000o\000t\000o\000p\000e\000\040\000c\000h\000a\000r\000t\000\040\000a\000n\000d\000\040\000t\000h\000e\000\040\000v\000a\000l\000l\000e\000y\000\040\000o\000f\000\040\000s\000t\000a\000b\000i\000l\000i\000t\000y}{section.11.6}% 128
\BOOKMARK [1][-]{section.11.7}{\376\377\000E\000m\000e\000r\000g\000e\000n\000c\000e\000\040\000o\000f\000\040\000C\000o\000u\000l\000o\000m\000b\000'\000s\000\040\000L\000a\000w}{chapter.11}% 129
\BOOKMARK [2][-]{subsection.11.7.1}{\376\377\000T\000h\000e\000\040\000C\000o\000u\000l\000o\000m\000b\000\040\000e\000n\000v\000e\000l\000o\000p\000e\000\040\000a\000t\000\040\000t\000h\000e\000\040\000a\000t\000o\000m\000i\000c\000\040\000s\000c\000a\000l\000e}{section.11.7}% 130
\BOOKMARK [2][-]{subsection.11.7.2}{\376\377\000I\000n\000s\000i\000d\000e\000\040\000t\000h\000e\000\040\000n\000u\000c\000l\000e\000u\000s}{section.11.7}% 131
\BOOKMARK [1][-]{section.11.8}{\376\377\000N\000u\000c\000l\000e\000a\000r\000\040\000S\000t\000r\000u\000c\000t\000u\000r\000e\000:\000\040\000E\000m\000p\000i\000r\000i\000c\000a\000l\000\040\000V\000a\000l\000i\000d\000a\000t\000i\000o\000n}{chapter.11}% 132
\BOOKMARK [0][-]{chapter.12}{\376\377\000S\000u\000b\000-\000N\000u\000c\000l\000e\000o\000n\000\040\000P\000h\000y\000s\000i\000c\000s\000\040\000a\000n\000d\000\040\000C\000o\000n\000f\000i\000n\000e\000m\000e\000n\000t}{part.4}% 133
\BOOKMARK [1][-]{section.12.1}{\376\377\000C\000o\000n\000t\000i\000n\000u\000o\000u\000s\000\040\000E\000m\000b\000e\000d\000d\000i\000n\000g\000\040\000o\000f\000\040\000t\000h\000e\000\040\000P\000a\000r\000t\000i\000t\000i\000o\000n\000\040\000H\000i\000e\000r\000a\000r\000c\000h\000y}{chapter.12}% 134
\BOOKMARK [2][-]{subsection.12.1.1}{\376\377\000W\000h\000y\000\040\000t\000h\000e\000\040\000b\000r\000a\000n\000c\000h\000i\000n\000g\000\040\000b\000a\000s\000e\000\040\000i\000s\000\040\000b\000=\0003}{section.12.1}% 135
\BOOKMARK [2][-]{subsection.12.1.2}{\376\377\000T\000h\000e\000\040\000F\000i\000s\000h\000e\000r\000-\000i\000n\000f\000o\000r\000m\000a\000t\000i\000o\000n\000\040\000m\000e\000t\000r\000i\000c}{section.12.1}% 136
\BOOKMARK [1][-]{section.12.2}{\376\377\000V\000i\000r\000t\000u\000a\000l\000\040\000S\000u\000b\000s\000t\000a\000t\000e\000s\000\040\000a\000n\000d\000\040\000P\000a\000t\000h\000\040\000O\000p\000a\000c\000i\000t\000y}{chapter.12}% 137
\BOOKMARK [2][-]{subsection.12.2.1}{\376\377\000E\000x\000a\000m\000p\000l\000e\000s\000\040\000o\000f\000\040\000v\000i\000r\000t\000u\000a\000l\000\040\000s\000u\000b\000s\000t\000a\000t\000e\000s\000\040\000i\000n\000\040\000r\000e\000c\000o\000g\000n\000i\000s\000e\000d\000\040\000p\000h\000y\000s\000i\000c\000a\000l\000\040\000s\000y\000s\000t\000e\000m\000s}{section.12.2}% 138
\BOOKMARK [1][-]{section.12.3}{\376\377\000S\000u\000b\000-\000N\000u\000c\000l\000e\000o\000n\000\040\000S\000t\000r\000u\000c\000t\000u\000r\000e}{chapter.12}% 139
\BOOKMARK [2][-]{subsection.12.3.1}{\376\377\000Q\000u\000a\000r\000k\000s\000\040\000a\000s\000\040\000v\000i\000r\000t\000u\000a\000l\000\040\000s\000u\000b\000s\000t\000a\000t\000e\000s}{section.12.3}% 140
\BOOKMARK [2][-]{subsection.12.3.2}{\376\377\000Q\000u\000a\000n\000t\000i\000t\000a\000t\000i\000v\000e\000\040\000p\000r\000e\000d\000i\000c\000t\000i\000o\000n\000s\000\040\000a\000b\000o\000u\000t\000\040\000s\000u\000b\000-\000n\000u\000c\000l\000e\000o\000n\000\040\000s\000t\000r\000u\000c\000t\000u\000r\000e}{section.12.3}% 141
\BOOKMARK [-1][-]{part.5}{\376\377\000V\000\040\000T\000h\000e\000\040\000U\000n\000i\000o\000n\000\040\040\024\000\040\000S\000-\000E\000n\000t\000r\000o\000p\000y\000\040\000a\000n\000d\000\040\000T\000r\000i\000p\000l\000e\000\040\000E\000q\000u\000i\000v\000a\000l\000e\000n\000c\000e}{}% 142
\BOOKMARK [0][-]{chapter.13}{\376\377\000T\000h\000e\000\040\000S\000-\000E\000n\000t\000r\000o\000p\000y\000\040\000C\000a\000l\000c\000u\000l\000u\000s}{part.5}% 143
\BOOKMARK [1][-]{section.13.1}{\376\377\000M\000o\000t\000i\000v\000a\000t\000i\000o\000n\000:\000\040\000W\000h\000y\000\040\000a\000\040\000D\000i\000s\000t\000i\000n\000c\000t\000\040\000E\000n\000t\000r\000o\000p\000y\000?}{chapter.13}% 144
\BOOKMARK [1][-]{section.13.2}{\376\377\000T\000h\000e\000\040\000S\000-\000S\000c\000a\000l\000e}{chapter.13}% 145
\BOOKMARK [1][-]{section.13.3}{\376\377\000C\000a\000n\000d\000i\000d\000a\000t\000e\000\040\000S\000p\000a\000c\000e\000,\000\040\000T\000r\000u\000t\000h\000\040\000S\000p\000a\000c\000e\000,\000\040\000a\000n\000d\000\040\000t\000h\000e\000\040\000R\000e\000c\000e\000i\000v\000e\000r\000\040\000Q\000u\000a\000d\000r\000u\000p\000l\000e}{chapter.13}% 146
\BOOKMARK [1][-]{section.13.4}{\376\377\000T\000h\000e\000\040\000S\000-\000F\000u\000n\000c\000t\000i\000o\000n\000a\000l\000:\000\040\000F\000o\000u\000r\000\040\000A\000x\000i\000o\000m\000s}{chapter.13}% 147
\BOOKMARK [1][-]{section.13.5}{\376\377\000S\000y\000m\000m\000e\000t\000r\000i\000c\000\040\000S\000-\000F\000u\000n\000c\000t\000i\000o\000n\000a\000l\000s}{chapter.13}% 148
\BOOKMARK [1][-]{section.13.6}{\376\377\000B\000o\000u\000n\000d\000e\000d\000\040\000C\000o\000g\000n\000i\000t\000i\000o\000n\000\040\000a\000n\000d\000\040\000t\000h\000e\000\040\000C\000o\000g\000n\000i\000t\000i\000v\000e\000\040\000R\000e\000s\000i\000d\000u\000e}{chapter.13}% 149
\BOOKMARK [1][-]{section.13.7}{\376\377\000T\000h\000e\000\040\000S\000-\000E\000n\000t\000r\000o\000p\000y\000\040\000T\000r\000i\000p\000l\000e\000\040\000f\000o\000r\000\040\000M\000a\000s\000s\000\040\000S\000p\000e\000c\000t\000r\000o\000m\000e\000t\000r\000y}{chapter.13}% 150
\BOOKMARK [1][-]{section.13.8}{\376\377\000T\000h\000r\000e\000e\000\040\000A\000l\000g\000e\000b\000r\000a\000i\000c\000\040\000S\000t\000r\000u\000c\000t\000u\000r\000e\000s\000\040\000U\000n\000d\000e\000r\000l\000y\000i\000n\000g\000\040\000t\000h\000e\000\040\000T\000r\000i\000p\000l\000e}{chapter.13}% 151
\BOOKMARK [0][-]{chapter.14}{\376\377\000T\000h\000e\000\040\000F\000l\000o\000o\000r\000\040\000T\000h\000e\000o\000r\000e\000m}{part.5}% 152
\BOOKMARK [1][-]{section.14.1}{\376\377\000F\000l\000o\000o\000r\000\040\000P\000o\000s\000i\000t\000i\000v\000i\000t\000y}{chapter.14}% 153
\BOOKMARK [1][-]{section.14.2}{\376\377\000T\000h\000e\000\040\000S\000-\000E\000x\000p\000r\000e\000s\000s\000i\000o\000n\000\040\000A\000l\000g\000e\000b\000r\000a}{chapter.14}% 154
\BOOKMARK [1][-]{section.14.3}{\376\377\000T\000h\000e\000\040\000U\000n\000c\000o\000n\000s\000t\000r\000a\000i\000n\000e\000d\000\040\000S\000u\000b\000t\000a\000s\000k\000\040\000T\000h\000e\000o\000r\000e\000m}{chapter.14}% 155
\BOOKMARK [1][-]{section.14.4}{\376\377\000C\000o\000m\000p\000o\000s\000i\000t\000i\000o\000n\000a\000l\000\040\000M\000u\000l\000t\000i\000p\000l\000i\000c\000i\000t\000y}{chapter.14}% 156
\BOOKMARK [1][-]{section.14.5}{\376\377\000I\000n\000f\000o\000r\000m\000a\000t\000i\000o\000n\000\040\000C\000a\000t\000a\000l\000y\000s\000t\000s}{chapter.14}% 157
\BOOKMARK [1][-]{section.14.6}{\376\377\000M\000u\000l\000t\000i\000p\000l\000i\000c\000a\000t\000i\000v\000i\000t\000y\000\040\000o\000f\000\040\000C\000a\000t\000a\000l\000y\000t\000i\000c\000\040\000P\000o\000w\000e\000r}{chapter.14}% 158
\BOOKMARK [1][-]{section.14.7}{\376\377\000L\000o\000c\000a\000l\000l\000y\000-\000I\000m\000p\000o\000s\000s\000i\000b\000l\000e\000\040\000C\000a\000t\000a\000l\000y\000s\000t\000s}{chapter.14}% 159
\BOOKMARK [1][-]{section.14.8}{\376\377\000T\000h\000e\000\040\000C\000a\000t\000a\000l\000y\000s\000t\000\040\000A\000l\000g\000e\000b\000r\000a}{chapter.14}% 160
\BOOKMARK [1][-]{section.14.9}{\376\377\000L\000i\000n\000e\000a\000r\000\040\000J\000u\000s\000t\000i\000f\000i\000c\000a\000t\000i\000o\000n\000\040\000F\000a\000i\000l\000s\000:\000\040\000N\000e\000c\000e\000s\000s\000i\000t\000y\000\040\000o\000f\000\040\000C\000i\000r\000c\000u\000l\000a\000r\000\040\000V\000a\000l\000i\000d\000i\000t\000y}{chapter.14}% 161
\BOOKMARK [1][-]{section.14.10}{\376\377\000M\000a\000s\000s\000\040\000S\000p\000e\000c\000t\000r\000o\000m\000e\000t\000r\000i\000c\000\040\000R\000e\000a\000l\000i\000s\000a\000t\000i\000o\000n}{chapter.14}% 162
\BOOKMARK [0][-]{chapter.15}{\376\377\000T\000r\000i\000p\000l\000e\000\040\000E\000q\000u\000i\000v\000a\000l\000e\000n\000c\000e}{part.5}% 163
\BOOKMARK [1][-]{section.15.1}{\376\377\000T\000h\000r\000e\000e\000\040\000C\000a\000t\000e\000g\000o\000r\000i\000e\000s\000,\000\040\000O\000n\000e\000\040\000B\000o\000u\000n\000d\000e\000d\000\040\000P\000h\000a\000s\000e\000\040\000S\000p\000a\000c\000e}{chapter.15}% 164
\BOOKMARK [1][-]{section.15.2}{\376\377\000T\000h\000e\000\040\000T\000h\000r\000e\000e\000\040\000C\000o\000n\000v\000e\000r\000s\000i\000o\000n\000\040\000F\000u\000n\000c\000t\000o\000r\000s}{chapter.15}% 165
\BOOKMARK [1][-]{section.15.3}{\376\377\000T\000h\000e\000\040\000T\000r\000i\000p\000l\000e\000\040\000E\000q\000u\000i\000v\000a\000l\000e\000n\000c\000e\000\040\000T\000h\000e\000o\000r\000e\000m}{chapter.15}% 166
\BOOKMARK [1][-]{section.15.4}{\376\377\000C\000o\000m\000m\000u\000t\000a\000t\000i\000v\000e\000\040\000D\000i\000a\000g\000r\000a\000m}{chapter.15}% 167
\BOOKMARK [1][-]{section.15.5}{\376\377\000F\000r\000e\000e\000\040\000C\000o\000n\000v\000e\000r\000s\000i\000o\000n\000\040\000a\000n\000d\000\040\000O\000p\000t\000i\000m\000a\000l\000\040\000R\000e\000p\000r\000e\000s\000e\000n\000t\000a\000t\000i\000o\000n}{chapter.15}% 168
\BOOKMARK [1][-]{section.15.6}{\376\377\000T\000h\000e\000\040\000S\000t\000r\000u\000c\000t\000u\000r\000a\000l\000\040\000S\000y\000m\000m\000e\000t\000r\000y\000\040\000G\000r\000o\000u\000p}{chapter.15}% 169
\BOOKMARK [1][-]{section.15.7}{\376\377\000T\000r\000i\000p\000l\000e\000\040\000E\000n\000t\000r\000o\000p\000y\000\040\000E\000q\000u\000i\000v\000a\000l\000e\000n\000c\000e}{chapter.15}% 170
\BOOKMARK [1][-]{section.15.8}{\376\377\000P\000h\000y\000s\000i\000c\000a\000l\000\040\000C\000o\000n\000s\000e\000q\000u\000e\000n\000c\000e\000s\000\040\000o\000f\000\040\000t\000h\000e\000\040\000T\000r\000i\000p\000l\000e\000\040\000E\000q\000u\000i\000v\000a\000l\000e\000n\000c\000e}{chapter.15}% 171
\BOOKMARK [1][-]{section.15.9}{\376\377\000C\000o\000n\000n\000e\000c\000t\000i\000o\000n\000\040\000t\000o\000\040\000S\000t\000a\000n\000d\000a\000r\000d\000\040\000M\000a\000t\000h\000e\000m\000a\000t\000i\000c\000s}{chapter.15}% 172
\BOOKMARK [1][-]{section.15.10}{\376\377\000C\000r\000o\000s\000s\000-\000R\000e\000p\000r\000e\000s\000e\000n\000t\000a\000t\000i\000o\000n\000\040\000C\000o\000m\000p\000u\000t\000a\000t\000i\000o\000n}{chapter.15}% 173
\BOOKMARK [1][-]{section.15.11}{\376\377\000T\000h\000e\000\040\000U\000n\000i\000o\000n\000:\000\040\000W\000h\000y\000\040\000T\000w\000o\000\040\000C\000r\000o\000w\000n\000s}{chapter.15}% 174
\BOOKMARK [-1][-]{part.6}{\376\377\000V\000I\000\040\000T\000h\000e\000r\000m\000o\000d\000y\000n\000a\000m\000i\000c\000s\000\040\000a\000n\000d\000\040\000C\000o\000l\000l\000e\000c\000t\000i\000v\000e\000\040\000B\000e\000h\000a\000v\000i\000o\000u\000r}{}% 175
\BOOKMARK [0][-]{chapter.16}{\376\377\000T\000r\000i\000p\000l\000e\000\040\000E\000n\000t\000r\000o\000p\000y\000\040\000E\000q\000u\000i\000v\000a\000l\000e\000n\000c\000e\000\040\000a\000n\000d\000\040\000t\000h\000e\000\040\000I\000d\000e\000a\000l\000\040\000G\000a\000s}{part.6}% 176
\BOOKMARK [1][-]{section*.52}{\376\377\000P\000r\000e\000l\000u\000d\000e\000\040\000t\000o\000\040\000P\000a\000r\000t\000\040\000I\000I\000I}{chapter.16}% 177
\BOOKMARK [1][-]{section.16.1}{\376\377\000C\000a\000t\000e\000g\000o\000r\000i\000c\000a\000l\000\040\000T\000h\000e\000r\000m\000o\000d\000y\000n\000a\000m\000i\000c\000\040\000V\000a\000r\000i\000a\000b\000l\000e\000s}{chapter.16}% 178
\BOOKMARK [2][-]{subsection.16.1.1}{\376\377\000R\000e\000l\000a\000t\000i\000o\000n\000\040\000t\000o\000\040\000c\000o\000n\000v\000e\000n\000t\000i\000o\000n\000a\000l\000\040\000t\000h\000e\000r\000m\000o\000d\000y\000n\000a\000m\000i\000c\000\040\000v\000a\000r\000i\000a\000b\000l\000e\000s}{section.16.1}% 179
\BOOKMARK [2][-]{subsection.16.1.2}{\376\377\000A\000d\000v\000a\000n\000t\000a\000g\000e\000\040\000o\000f\000\040\000t\000h\000e\000\040\000c\000a\000t\000e\000g\000o\000r\000i\000c\000a\000l\000\040\000f\000o\000r\000m\000u\000l\000a\000t\000i\000o\000n}{section.16.1}% 180
\BOOKMARK [1][-]{section.16.2}{\376\377\000T\000r\000i\000p\000l\000e\000\040\000E\000q\000u\000i\000v\000a\000l\000e\000n\000c\000e\000\040\000o\000f\000\040\000E\000n\000t\000r\000o\000p\000i\000e\000s}{chapter.16}% 181
\BOOKMARK [1][-]{section.16.3}{\376\377\000I\000d\000e\000a\000l\000\040\000G\000a\000s\000\040\000L\000a\000w\000\040\000a\000t\000\040\000A\000l\000l\000\040\000N\000\040\0001}{chapter.16}% 182
\BOOKMARK [2][-]{subsection.16.3.1}{\376\377\000E\000q\000u\000i\000p\000a\000r\000t\000i\000t\000i\000o\000n\000\040\000t\000h\000e\000o\000r\000e\000m}{section.16.3}% 183
\BOOKMARK [2][-]{subsection.16.3.2}{\376\377\000E\000n\000t\000r\000o\000p\000y\000\040\000o\000f\000\040\000m\000i\000x\000i\000n\000g}{section.16.3}% 184
\BOOKMARK [2][-]{subsection.16.3.3}{\376\377\000E\000x\000t\000e\000n\000s\000i\000o\000n\000s\000\040\000t\000o\000\040\000n\000o\000n\000-\000i\000d\000e\000a\000l\000\040\000g\000a\000s\000e\000s}{section.16.3}% 185
\BOOKMARK [1][-]{section.16.4}{\376\377\000B\000o\000u\000n\000d\000e\000d\000\040\000M\000a\000x\000w\000e\000l\000l\040\023\000B\000o\000l\000t\000z\000m\000a\000n\000n\000\040\000D\000i\000s\000t\000r\000i\000b\000u\000t\000i\000o\000n}{chapter.16}% 186
\BOOKMARK [2][-]{subsection.16.4.1}{\376\377\000S\000p\000e\000e\000d\000\040\000m\000o\000m\000e\000n\000t\000s}{section.16.4}% 187
\BOOKMARK [1][-]{section.16.5}{\376\377\000B\000l\000a\000c\000k\000-\000B\000o\000d\000y\000\040\000R\000a\000d\000i\000a\000t\000i\000o\000n\000\040\000a\000n\000d\000\040\000t\000h\000e\000\040\000P\000l\000a\000n\000c\000k\000\040\000F\000o\000r\000m\000u\000l\000a}{chapter.16}% 188
\BOOKMARK [2][-]{subsection.16.5.1}{\376\377\000T\000h\000e\000\040\000S\000t\000e\000f\000a\000n\040\023\000B\000o\000l\000t\000z\000m\000a\000n\000n\000\040\000l\000a\000w}{section.16.5}% 189
\BOOKMARK [1][-]{section.16.6}{\376\377\000N\000u\000m\000e\000r\000i\000c\000a\000l\000\040\000V\000e\000r\000i\000f\000i\000c\000a\000t\000i\000o\000n}{chapter.16}% 190
\BOOKMARK [0][-]{chapter.17}{\376\377\000U\000n\000i\000v\000e\000r\000s\000a\000l\000\040\000T\000r\000a\000n\000s\000p\000o\000r\000t\000\040\000a\000n\000d\000\040\000P\000a\000r\000t\000i\000t\000i\000o\000n\000\040\000E\000x\000t\000i\000n\000c\000t\000i\000o\000n}{part.6}% 191
\BOOKMARK [1][-]{section.17.1}{\376\377\000T\000h\000e\000\040\000U\000n\000i\000v\000e\000r\000s\000a\000l\000\040\000T\000r\000a\000n\000s\000p\000o\000r\000t\000\040\000F\000o\000r\000m\000u\000l\000a}{chapter.17}% 192
\BOOKMARK [2][-]{subsection.17.1.1}{\376\377\000S\000p\000e\000c\000i\000a\000l\000\040\000c\000a\000s\000e\000s\000\040\000i\000n\000\040\000d\000e\000t\000a\000i\000l}{section.17.1}% 193
\BOOKMARK [2][-]{subsection.17.1.2}{\376\377\000N\000u\000m\000e\000r\000i\000c\000a\000l\000\040\000e\000x\000a\000m\000p\000l\000e\000s}{section.17.1}% 194
\BOOKMARK [1][-]{section.17.2}{\376\377\000P\000a\000r\000t\000i\000t\000i\000o\000n\000\040\000E\000x\000t\000i\000n\000c\000t\000i\000o\000n}{chapter.17}% 195
\BOOKMARK [2][-]{subsection.17.2.1}{\376\377\000T\000r\000a\000n\000s\000p\000o\000r\000t\000\040\000r\000e\000d\000u\000c\000t\000i\000o\000n\000s\000:\000\040\000a\000\040\000c\000o\000m\000p\000r\000e\000h\000e\000n\000s\000i\000v\000e\000\040\000t\000a\000b\000l\000e}{section.17.2}% 196
\BOOKMARK [1][-]{section.17.3}{\376\377\000W\000i\000e\000d\000e\000m\000a\000n\000n\040\023\000F\000r\000a\000n\000z\000\040\000L\000a\000w}{chapter.17}% 197
\BOOKMARK [1][-]{section.17.4}{\376\377\000S\000i\000n\000g\000l\000e\000-\000P\000a\000r\000t\000i\000c\000l\000e\000\040\000I\000d\000e\000a\000l\000\040\000G\000a\000s\000\040\000L\000a\000w}{chapter.17}% 198
\BOOKMARK [2][-]{subsection.17.4.1}{\376\377\000P\000h\000y\000s\000i\000c\000a\000l\040\023\000c\000a\000t\000e\000g\000o\000r\000i\000c\000a\000l\000\040\000t\000e\000m\000p\000e\000r\000a\000t\000u\000r\000e\000\040\000d\000u\000a\000l\000i\000t\000y}{section.17.4}% 199
\BOOKMARK [2][-]{subsection.17.4.2}{\376\377\000Z\000e\000r\000o\000-\000w\000o\000r\000k\000\040\000c\000o\000o\000l\000i\000n\000g}{section.17.4}% 200
\BOOKMARK [1][-]{section.17.5}{\376\377\000H\000e\000a\000t\040\023\000E\000n\000t\000r\000o\000p\000y\000\040\000D\000e\000c\000o\000u\000p\000l\000i\000n\000g\000\040\000o\000n\000\040\000P\000r\000o\000d\000u\000c\000t\000\040\000P\000h\000a\000s\000e\000\040\000S\000p\000a\000c\000e}{chapter.17}% 201
\BOOKMARK [1][-]{section.17.6}{\376\377\000U\000n\000i\000v\000e\000r\000s\000a\000l\000\040\000E\000q\000u\000a\000t\000i\000o\000n\000\040\000o\000f\000\040\000S\000t\000a\000t\000e\000\040\000A\000c\000r\000o\000s\000s\000\040\000T\000h\000e\000r\000m\000o\000d\000y\000n\000a\000m\000i\000c\000\040\000R\000e\000g\000i\000m\000e\000s}{chapter.17}% 202
\BOOKMARK [1][-]{section.17.7}{\376\377\000E\000q\000u\000i\000l\000i\000b\000r\000i\000u\000m\000\040\000a\000s\000\040\000P\000o\000i\000n\000c\000a\000r\000\351\000\040\000R\000e\000c\000u\000r\000r\000e\000n\000c\000e}{chapter.17}% 203
\BOOKMARK [1][-]{section.17.8}{\376\377\000C\000o\000m\000p\000u\000t\000e\000r\000\040\000a\000s\000\040\000S\000p\000e\000c\000t\000r\000o\000m\000e\000t\000e\000r}{chapter.17}% 204
\BOOKMARK [2][-]{subsection.17.8.1}{\376\377\000M\000u\000l\000t\000i\000-\000m\000o\000d\000a\000l\000\040\000s\000p\000e\000c\000t\000r\000o\000m\000e\000t\000e\000r\000\040\000c\000o\000m\000m\000u\000t\000a\000t\000i\000o\000n}{section.17.8}% 205
\BOOKMARK [2][-]{subsection.17.8.2}{\376\377\000C\000o\000i\000n\000c\000i\000d\000e\000n\000c\000e\000-\000n\000e\000t\000w\000o\000r\000k\000\040\000r\000e\000s\000o\000l\000u\000t\000i\000o\000n\000\040\000e\000n\000h\000a\000n\000c\000e\000m\000e\000n\000t}{section.17.8}% 206
\BOOKMARK [2][-]{subsection.17.8.3}{\376\377\000T\000e\000r\000n\000a\000r\000y\000\040\000p\000r\000o\000j\000e\000c\000t\000i\000o\000n\000\040\000o\000p\000e\000r\000a\000t\000o\000r\000\040\000a\000l\000g\000e\000b\000r\000a}{section.17.8}% 207
\BOOKMARK [1][-]{equation.17.22}{\376\377\000A\000p\000p\000e\000n\000d\000i\000x\000\040\000t\000o\000\040\000P\000a\000r\000t\000\040\000I\000I\000I\000:\000\040\000C\000o\000n\000s\000i\000s\000t\000e\000n\000c\000y\000\040\000C\000h\000e\000c\000k\000s}{chapter.17}% 208
\BOOKMARK [2][-]{subsection.17.8.4}{\376\377\000C\000o\000n\000s\000i\000s\000t\000e\000n\000c\000y\000\040\000w\000i\000t\000h\000\040\000C\000l\000a\000u\000s\000i\000u\000s}{equation.17.22}% 209
\BOOKMARK [2][-]{subsection.17.8.5}{\376\377\000C\000o\000n\000s\000i\000s\000t\000e\000n\000c\000y\000\040\000w\000i\000t\000h\000\040\000G\000i\000b\000b\000s}{equation.17.22}% 210
\BOOKMARK [2][-]{subsection.17.8.6}{\376\377\000C\000o\000n\000s\000i\000s\000t\000e\000n\000c\000y\000\040\000w\000i\000t\000h\000\040\000t\000h\000e\000\040\000f\000l\000u\000c\000t\000u\000a\000t\000i\000o\000n\040\023\000d\000i\000s\000s\000i\000p\000a\000t\000i\000o\000n\000\040\000t\000h\000e\000o\000r\000e\000m}{equation.17.22}% 211
\BOOKMARK [2][-]{subsection.17.8.7}{\376\377\000C\000o\000n\000s\000i\000s\000t\000e\000n\000c\000y\000\040\000w\000i\000t\000h\000\040\000O\000n\000s\000a\000g\000e\000r\000\040\000r\000e\000c\000i\000p\000r\000o\000c\000i\000t\000y}{equation.17.22}% 212
\BOOKMARK [0][-]{chapter.18}{\376\377\000E\000l\000e\000c\000t\000r\000i\000c\000a\000l\000\040\000T\000r\000a\000n\000s\000p\000o\000r\000t\000\040\000f\000r\000o\000m\000\040\000C\000a\000t\000e\000g\000o\000r\000i\000c\000a\000l\000\040\000P\000r\000o\000p\000a\000g\000a\000t\000i\000o\000n}{part.6}% 213
\BOOKMARK [1][-]{section.18.1}{\376\377\000I\000n\000t\000r\000o\000d\000u\000c\000t\000i\000o\000n\000:\000\040\000T\000h\000e\000\040\000T\000w\000e\000l\000v\000e\000-\000O\000r\000d\000e\000r\000\040\000P\000a\000r\000a\000d\000o\000x}{chapter.18}% 214
\BOOKMARK [1][-]{section.18.2}{\376\377\000C\000a\000t\000e\000g\000o\000r\000i\000c\000a\000l\000\040\000S\000t\000a\000t\000e\000s\000\040\000i\000n\000\040\000a\000\040\000C\000o\000n\000d\000u\000c\000t\000o\000r}{chapter.18}% 215
\BOOKMARK [2][-]{subsection.18.2.1}{\376\377\000B\000l\000o\000c\000h\000\040\000S\000t\000a\000t\000e\000s\000\040\000a\000s\000\040\000C\000a\000t\000e\000g\000o\000r\000i\000c\000a\000l\000\040\000S\000t\000a\000t\000e\000s}{section.18.2}% 216
\BOOKMARK [2][-]{subsection.18.2.2}{\376\377\000C\000a\000t\000e\000g\000o\000r\000i\000c\000a\000l\000\040\000D\000i\000s\000t\000a\000n\000c\000e\000\040\000a\000n\000d\000\040\000T\000r\000a\000n\000s\000i\000t\000i\000o\000n\000\040\000S\000e\000l\000e\000c\000t\000i\000o\000n\000\040\000R\000u\000l\000e\000s}{section.18.2}% 217
\BOOKMARK [2][-]{subsection.18.2.3}{\376\377\000P\000h\000a\000s\000e\000-\000L\000o\000c\000k\000\040\000C\000o\000u\000p\000l\000i\000n\000g}{section.18.2}% 218
\BOOKMARK [1][-]{section.18.3}{\376\377\000S\000i\000g\000n\000a\000l\000\040\000V\000e\000l\000o\000c\000i\000t\000y\000\040\000v\000e\000r\000s\000u\000s\000\040\000D\000r\000i\000f\000t\000\040\000V\000e\000l\000o\000c\000i\000t\000y}{chapter.18}% 219
\BOOKMARK [1][-]{section.18.4}{\376\377\000P\000a\000r\000t\000i\000t\000i\000o\000n\000\040\000L\000a\000g\000\040\000a\000n\000d\000\040\000S\000c\000a\000t\000t\000e\000r\000i\000n\000g}{chapter.18}% 220
\BOOKMARK [2][-]{subsection.18.4.1}{\376\377\000D\000e\000f\000i\000n\000i\000t\000i\000o\000n\000\040\000a\000n\000d\000\040\000B\000o\000u\000n\000d}{section.18.4}% 221
\BOOKMARK [2][-]{subsection.18.4.2}{\376\377\000E\000n\000t\000r\000o\000p\000y\000\040\000P\000r\000o\000d\000u\000c\000t\000i\000o\000n\000\040\000D\000u\000r\000i\000n\000g\000\040\000P\000a\000r\000t\000i\000t\000i\000o\000n\000\040\000L\000a\000g}{section.18.4}% 222
\BOOKMARK [2][-]{subsection.18.4.3}{\376\377\000S\000c\000a\000t\000t\000e\000r\000i\000n\000g\000\040\000R\000a\000t\000e\000\040\000f\000r\000o\000m\000\040\000P\000a\000r\000t\000i\000t\000i\000o\000n\000\040\000L\000a\000g}{section.18.4}% 223
\BOOKMARK [1][-]{section.18.5}{\376\377\000D\000e\000r\000i\000v\000a\000t\000i\000o\000n\000\040\000o\000f\000\040\000O\000h\000m\000'\000s\000\040\000L\000a\000w}{chapter.18}% 224
\BOOKMARK [2][-]{subsection.18.5.1}{\376\377\000D\000r\000i\000f\000t\000\040\000V\000e\000l\000o\000c\000i\000t\000y\000\040\000f\000r\000o\000m\000\040\000B\000i\000a\000s\000e\000d\000\040\000P\000a\000r\000t\000i\000t\000i\000o\000n\000\040\000L\000a\000g}{section.18.5}% 225
\BOOKMARK [2][-]{subsection.18.5.2}{\376\377\000O\000h\000m\000'\000s\000\040\000L\000a\000w\000\040\000a\000s\000\040\000a\000\040\000P\000a\000r\000t\000i\000t\000i\000o\000n\000\040\000C\000o\000n\000s\000e\000q\000u\000e\000n\000c\000e}{section.18.5}% 226
\BOOKMARK [2][-]{subsection.18.5.3}{\376\377\000N\000u\000m\000e\000r\000i\000c\000a\000l\000\040\000V\000e\000r\000i\000f\000i\000c\000a\000t\000i\000o\000n\000\040\000f\000o\000r\000\040\000R\000e\000a\000l\000\040\000M\000e\000t\000a\000l\000s}{section.18.5}% 227
\BOOKMARK [1][-]{section.18.6}{\376\377\000K\000i\000r\000c\000h\000h\000o\000f\000f\000'\000s\000\040\000L\000a\000w\000s\000\040\000f\000r\000o\000m\000\040\000C\000a\000t\000e\000g\000o\000r\000i\000c\000a\000l\000\040\000C\000o\000n\000s\000e\000r\000v\000a\000t\000i\000o\000n}{chapter.18}% 228
\BOOKMARK [2][-]{subsection.18.6.1}{\376\377\000C\000o\000n\000s\000e\000r\000v\000a\000t\000i\000o\000n\000\040\000o\000f\000\040\000C\000a\000t\000e\000g\000o\000r\000i\000c\000a\000l\000\040\000S\000t\000a\000t\000e\000s}{section.18.6}% 229
\BOOKMARK [2][-]{subsection.18.6.2}{\376\377\000K\000i\000r\000c\000h\000h\000o\000f\000f\000'\000s\000\040\000C\000u\000r\000r\000e\000n\000t\000\040\000L\000a\000w}{section.18.6}% 230
\BOOKMARK [2][-]{subsection.18.6.3}{\376\377\000T\000h\000e\000\040\000S\000-\000P\000o\000t\000e\000n\000t\000i\000a\000l}{section.18.6}% 231
\BOOKMARK [2][-]{subsection.18.6.4}{\376\377\000K\000i\000r\000c\000h\000h\000o\000f\000f\000'\000s\000\040\000V\000o\000l\000t\000a\000g\000e\000\040\000L\000a\000w}{section.18.6}% 232
\BOOKMARK [2][-]{subsection.18.6.5}{\376\377\000S\000e\000r\000i\000e\000s\000\040\000a\000n\000d\000\040\000P\000a\000r\000a\000l\000l\000e\000l\000\040\000C\000o\000m\000b\000i\000n\000a\000t\000i\000o\000n\000s}{section.18.6}% 233
\BOOKMARK [1][-]{section.18.7}{\376\377\000M\000i\000c\000r\000o\000s\000c\000o\000p\000i\000c\000\040\000T\000h\000e\000o\000r\000y\000\040\000o\000f\000\040\000R\000e\000s\000i\000s\000t\000i\000v\000i\000t\000y}{chapter.18}% 234
\BOOKMARK [2][-]{subsection.18.7.1}{\376\377\000E\000l\000e\000c\000t\000r\000o\000n\000-\000L\000a\000t\000t\000i\000c\000e\000\040\000C\000o\000u\000p\000l\000i\000n\000g\000\040\000M\000a\000t\000r\000i\000x}{section.18.7}% 235
\BOOKMARK [2][-]{subsection.18.7.2}{\376\377\000U\000n\000i\000v\000e\000r\000s\000a\000l\000\040\000R\000e\000s\000i\000s\000t\000i\000v\000i\000t\000y\000\040\000F\000o\000r\000m\000u\000l\000a}{section.18.7}% 236
\BOOKMARK [2][-]{subsection.18.7.3}{\376\377\000M\000a\000t\000t\000h\000i\000e\000s\000s\000e\000n\000'\000s\000\040\000R\000u\000l\000e}{section.18.7}% 237
\BOOKMARK [2][-]{subsection.18.7.4}{\376\377\000J\000o\000u\000l\000e\000\040\000H\000e\000a\000t\000i\000n\000g\000\040\000f\000r\000o\000m\000\040\000P\000a\000r\000t\000i\000t\000i\000o\000n\000\040\000E\000n\000t\000r\000o\000p\000y}{section.18.7}% 238
\BOOKMARK [1][-]{section.18.8}{\376\377\000T\000e\000m\000p\000e\000r\000a\000t\000u\000r\000e\000\040\000D\000e\000p\000e\000n\000d\000e\000n\000c\000e\000\040\000o\000f\000\040\000R\000e\000s\000i\000s\000t\000i\000v\000i\000t\000y}{chapter.18}% 239
\BOOKMARK [2][-]{subsection.18.8.1}{\376\377\000P\000h\000o\000n\000o\000n\000\040\000S\000c\000a\000t\000t\000e\000r\000i\000n\000g\000\040\000A\000b\000o\000v\000e\000\040\000t\000h\000e\000\040\000D\000e\000b\000y\000e\000\040\000T\000e\000m\000p\000e\000r\000a\000t\000u\000r\000e}{section.18.8}% 240
\BOOKMARK [2][-]{subsection.18.8.2}{\376\377\000L\000o\000w\000-\000T\000e\000m\000p\000e\000r\000a\000t\000u\000r\000e\000\040\000B\000e\000h\000a\000v\000i\000o\000u\000r\000:\000\040\000B\000l\000o\000c\000h\040\023\000G\000r\000\374\000n\000e\000i\000s\000e\000n\000\040\000F\000o\000r\000m\000u\000l\000a}{section.18.8}% 241
\BOOKMARK [2][-]{subsection.18.8.3}{\376\377\000R\000e\000s\000i\000d\000u\000a\000l\000\040\000R\000e\000s\000i\000s\000t\000i\000v\000i\000t\000y\000\040\000a\000n\000d\000\040\000P\000u\000r\000i\000t\000y\000\040\000M\000e\000a\000s\000u\000r\000e}{section.18.8}% 242
\BOOKMARK [1][-]{section.18.9}{\376\377\000S\000u\000p\000e\000r\000c\000o\000n\000d\000u\000c\000t\000i\000v\000i\000t\000y\000\040\000a\000s\000\040\000P\000a\000r\000t\000i\000t\000i\000o\000n\000\040\000E\000x\000t\000i\000n\000c\000t\000i\000o\000n}{chapter.18}% 243
\BOOKMARK [2][-]{subsection.18.9.1}{\376\377\000C\000o\000o\000p\000e\000r\000\040\000P\000a\000i\000r\000i\000n\000g\000\040\000a\000s\000\040\000P\000a\000r\000t\000i\000t\000i\000o\000n\000\040\000S\000y\000n\000c\000h\000r\000o\000n\000i\000s\000a\000t\000i\000o\000n}{section.18.9}% 244
\BOOKMARK [2][-]{subsection.18.9.2}{\376\377\000C\000o\000u\000p\000l\000i\000n\000g\000\040\000C\000o\000l\000l\000a\000p\000s\000e\000\040\000a\000n\000d\000\040\000Z\000e\000r\000o\000\040\000R\000e\000s\000i\000s\000t\000i\000v\000i\000t\000y}{section.18.9}% 245
\BOOKMARK [2][-]{subsection.18.9.3}{\376\377\000T\000e\000m\000p\000e\000r\000a\000t\000u\000r\000e\000\040\000D\000e\000p\000e\000n\000d\000e\000n\000c\000e\000\040\000o\000f\000\040\000t\000h\000e\000\040\000G\000a\000p\000\040\000a\000n\000d\000\040\000C\000o\000u\000p\000l\000i\000n\000g}{section.18.9}% 246
\BOOKMARK [2][-]{subsection.18.9.4}{\376\377\000C\000r\000i\000t\000i\000c\000a\000l\000\040\000C\000u\000r\000r\000e\000n\000t}{section.18.9}% 247
\BOOKMARK [1][-]{section.18.10}{\376\377\000W\000i\000e\000d\000e\000m\000a\000n\000n\040\023\000F\000r\000a\000n\000z\000\040\000L\000a\000w\000\040\000f\000r\000o\000m\000\040\000S\000h\000a\000r\000e\000d\000\040\000P\000a\000r\000t\000i\000t\000i\000o\000n\000\040\000S\000t\000r\000u\000c\000t\000u\000r\000e}{chapter.18}% 248
\BOOKMARK [2][-]{subsection.18.10.1}{\376\377\000T\000h\000e\000r\000m\000a\000l\000\040\000C\000o\000n\000d\000u\000c\000t\000i\000v\000i\000t\000y\000\040\000o\000f\000\040\000E\000l\000e\000c\000t\000r\000o\000n\000s}{section.18.10}% 249
\BOOKMARK [2][-]{subsection.18.10.2}{\376\377\000T\000h\000e\000\040\000W\000i\000e\000d\000e\000m\000a\000n\000n\040\023\000F\000r\000a\000n\000z\000\040\000L\000a\000w}{section.18.10}% 250
\BOOKMARK [1][-]{section.18.11}{\376\377\000H\000a\000l\000l\000\040\000E\000f\000f\000e\000c\000t\000\040\000a\000n\000d\000\040\000t\000h\000e\000\040\000M\000a\000g\000n\000e\000t\000i\000c\000\040\000P\000a\000r\000t\000i\000t\000i\000o\000n\000\040\000L\000a\000g\000\040\000T\000e\000n\000s\000o\000r}{chapter.18}% 251
\BOOKMARK [1][-]{section.18.12}{\376\377\000F\000o\000u\000r\000-\000P\000r\000o\000b\000e\000\040\000M\000e\000a\000s\000u\000r\000e\000m\000e\000n\000t\000\040\000a\000n\000d\000\040\000C\000o\000n\000t\000a\000c\000t\000\040\000R\000e\000s\000i\000s\000t\000a\000n\000c\000e}{chapter.18}% 252
\BOOKMARK [1][-]{section.18.13}{\376\377\000P\000h\000y\000s\000i\000c\000a\000l\000\040\000I\000n\000t\000e\000r\000p\000r\000e\000t\000a\000t\000i\000o\000n\000:\000\040\000A\000\040\000N\000e\000w\000\040\000L\000a\000n\000g\000u\000a\000g\000e\000\040\000f\000o\000r\000\040\000O\000l\000d\000\040\000L\000a\000w\000s}{chapter.18}% 253
\BOOKMARK [1][-]{section.18.14}{\376\377\000E\000x\000p\000e\000r\000i\000m\000e\000n\000t\000a\000l\000\040\000P\000r\000e\000d\000i\000c\000t\000i\000o\000n\000s}{chapter.18}% 254
\BOOKMARK [1][-]{section.18.15}{\376\377\000C\000o\000n\000n\000e\000c\000t\000i\000o\000n\000\040\000t\000o\000\040\000t\000h\000e\000\040\000B\000r\000o\000a\000d\000e\000r\000\040\000F\000r\000a\000m\000e\000w\000o\000r\000k}{chapter.18}% 255
\BOOKMARK [-1][-]{part.7}{\376\377\000V\000I\000I\000\040\000C\000o\000s\000m\000o\000l\000o\000g\000i\000c\000a\000l\000\040\000C\000o\000n\000s\000e\000q\000u\000e\000n\000c\000e\000s}{}% 256
\BOOKMARK [0][-]{chapter.19}{\376\377\000C\000o\000m\000p\000o\000s\000i\000t\000i\000o\000n\000\040\000I\000n\000f\000l\000a\000t\000i\000o\000n}{part.7}% 257
\BOOKMARK [1][-]{section.19.1}{\376\377\000D\000i\000m\000e\000n\000s\000i\000o\000n\000a\000l\000\040\000R\000e\000d\000u\000c\000t\000i\000o\000n\000\040\000o\000f\000\040\000t\000h\000e\000\040\000S\000I\000\040\000S\000y\000s\000t\000e\000m}{chapter.19}% 258
\BOOKMARK [1][-]{section.19.2}{\376\377\000L\000a\000b\000e\000l\000l\000e\000d\000\040\000C\000o\000m\000p\000o\000s\000i\000t\000i\000o\000n\000s\000\040\000a\000n\000d\000\040\000t\000h\000e\000\040\000I\000n\000f\000l\000a\000t\000i\000o\000n\000\040\000C\000o\000u\000n\000t}{chapter.19}% 259
\BOOKMARK [1][-]{section.19.3}{\376\377\000T\000h\000e\000\040\000T\000r\000a\000n\000s\000-\000P\000l\000a\000n\000c\000k\000i\000a\000n\000\040\000R\000e\000s\000o\000l\000u\000t\000i\000o\000n\000\040\000a\000n\000d\000\040\000t\000h\000e\000\040\000n\000=\0005\0006\000\040\000R\000e\000g\000i\000m\000e}{chapter.19}% 260
\BOOKMARK [1][-]{section.19.4}{\376\377\000T\000h\000r\000e\000e\000-\000D\000i\000m\000e\000n\000s\000i\000o\000n\000a\000l\000\040\000S\000t\000a\000t\000e\000\040\000S\000p\000a\000c\000e\000:\000\040\000T\000\050\000n\000,\0003\000\051\000\040\000=\000\040\0003\0004\000n\000-\0001}{chapter.19}% 261
\BOOKMARK [1][-]{section.19.5}{\376\377\000A\000p\000p\000l\000i\000c\000a\000t\000i\000o\000n\000\040\000t\000o\000\040\000M\000o\000l\000e\000c\000u\000l\000a\000r\000\040\000S\000t\000r\000u\000c\000t\000u\000r\000e\000\040\000S\000p\000a\000c\000e}{chapter.19}% 262
\BOOKMARK [1][-]{section.19.6}{\376\377\000A\000p\000p\000l\000i\000c\000a\000t\000i\000o\000n\000\040\000t\000o\000\040\000S\000p\000e\000c\000t\000r\000a\000l\000\040\000D\000a\000t\000a\000b\000a\000s\000e\000s}{chapter.19}% 263
\BOOKMARK [0][-]{chapter.20}{\376\377\000G\000r\000a\000v\000i\000t\000y\000,\000\040\000D\000a\000r\000k\000\040\000M\000a\000t\000t\000e\000r\000,\000\040\000a\000n\000d\000\040\000D\000a\000r\000k\000\040\000E\000n\000e\000r\000g\000y}{part.7}% 264
\BOOKMARK [1][-]{section.20.1}{\376\377\000T\000h\000r\000e\000e\000\040\000I\000n\000d\000e\000p\000e\000n\000d\000e\000n\000t\000\040\000R\000o\000u\000t\000e\000s\000\040\000t\000o\000\040\000N\000e\000w\000t\000o\000n\000'\000s\000\040\000C\000o\000n\000s\000t\000a\000n\000t}{chapter.20}% 265
\BOOKMARK [2][-]{subsection.20.1.1}{\376\377\000R\000o\000u\000t\000e\000\040\000I\000:\000\040\000O\000s\000c\000i\000l\000l\000a\000t\000i\000o\000n\000-\000R\000a\000t\000i\000o\000\040\000B\000e\000t\000w\000e\000e\000n\000\040\000C\000o\000u\000p\000l\000e\000d\000\040\000B\000o\000u\000n\000d\000e\000d\000\040\000O\000s\000c\000i\000l\000l\000a\000t\000o\000r\000s}{section.20.1}% 266
\BOOKMARK [2][-]{subsection.20.1.2}{\376\377\000R\000o\000u\000t\000e\000\040\000I\000I\000:\000\040\000C\000a\000t\000e\000g\000o\000r\000y\000\040\000F\000i\000x\000e\000d\000-\000P\000o\000i\000n\000t\000\040\000U\000n\000d\000e\000r\000\040\000t\000h\000e\000\040\000S\000c\000a\000l\000e\000-\000N\000e\000g\000a\000t\000i\000o\000n\000\040\000O\000p\000e\000r\000a\000t\000o\000r}{section.20.1}% 267
\BOOKMARK [2][-]{subsection.20.1.3}{\376\377\000R\000o\000u\000t\000e\000\040\000I\000I\000I\000:\000\040\000P\000a\000r\000t\000i\000t\000i\000o\000n\000-\000D\000e\000n\000s\000i\000t\000y\000\040\000R\000a\000t\000i\000o}{section.20.1}% 268
\BOOKMARK [2][-]{subsection.20.1.4}{\376\377\000C\000o\000n\000v\000e\000r\000g\000e\000n\000c\000e\000\040\000o\000f\000\040\000t\000h\000e\000\040\000T\000h\000r\000e\000e\000\040\000R\000o\000u\000t\000e\000s}{section.20.1}% 269
\BOOKMARK [1][-]{section.20.2}{\376\377\000N\000u\000m\000e\000r\000i\000c\000a\000l\000\040\000V\000e\000r\000i\000f\000i\000c\000a\000t\000i\000o\000n\000\040\000o\000f\000\040\000t\000h\000e\000\040\000T\000h\000r\000e\000e\000\040\000R\000o\000u\000t\000e\000s}{chapter.20}% 270
\BOOKMARK [1][-]{section.20.3}{\376\377\000C\000o\000s\000m\000o\000l\000o\000g\000i\000c\000a\000l\000\040\000C\000o\000n\000s\000e\000q\000u\000e\000n\000c\000e\000s\000\040\000o\000f\000\040\000a\000\040\000P\000a\000r\000t\000i\000t\000i\000o\000n\000-\000D\000e\000n\000s\000i\000t\000y\000-\000D\000e\000p\000e\000n\000d\000e\000n\000t\000\040\000G}{chapter.20}% 271
\BOOKMARK [2][-]{subsection.20.3.1}{\376\377\000G\000a\000l\000a\000x\000y\000\040\000R\000o\000t\000a\000t\000i\000o\000n\000\040\000C\000u\000r\000v\000e\000s\000\040\000a\000n\000d\000\040\000t\000h\000e\000\040\000M\000O\000N\000D\000\040\000A\000c\000c\000e\000l\000e\000r\000a\000t\000i\000o\000n\000\040\000S\000c\000a\000l\000e}{section.20.3}% 272
\BOOKMARK [2][-]{subsection.20.3.2}{\376\377\000S\000e\000c\000u\000l\000a\000r\000\040\000D\000r\000i\000f\000t\000\040\000o\000f\000\040\000G}{section.20.3}% 273
\BOOKMARK [2][-]{subsection.20.3.3}{\376\377\000C\000o\000s\000m\000i\000c\000\040\000A\000c\000c\000e\000l\000e\000r\000a\000t\000i\000o\000n\000\040\000a\000n\000d\000\040\000t\000h\000e\000\040\000D\000a\000r\000k\000-\000E\000n\000e\000r\000g\000y\000\040\000E\000q\000u\000a\000t\000i\000o\000n\000\040\000o\000f\000\040\000S\000t\000a\000t\000e}{section.20.3}% 274
\BOOKMARK [2][-]{subsection.20.3.4}{\376\377\000E\000q\000u\000i\000v\000a\000l\000e\000n\000c\000e\000\040\000P\000r\000i\000n\000c\000i\000p\000l\000e}{section.20.3}% 275
\BOOKMARK [1][-]{section.20.4}{\376\377\000E\000x\000p\000e\000r\000i\000m\000e\000n\000t\000a\000l\000\040\000P\000r\000o\000t\000o\000c\000o\000l\000\040\000f\000o\000r\000\040\000G\000\040\000v\000i\000a\000\040\000P\000a\000r\000t\000i\000t\000i\000o\000n\000\040\000C\000o\000u\000n\000t\000s}{chapter.20}% 276
\BOOKMARK [2][-]{subsection.20.4.1}{\376\377\000P\000r\000i\000m\000a\000r\000y\000\040\000T\000e\000s\000t}{section.20.4}% 277
\BOOKMARK [2][-]{subsection.20.4.2}{\376\377\000S\000e\000c\000o\000n\000d\000a\000r\000y\000\040\000T\000e\000s\000t\000s}{section.20.4}% 278
\BOOKMARK [2][-]{subsection.20.4.3}{\376\377\000F\000a\000l\000s\000i\000f\000i\000c\000a\000t\000i\000o\000n\000\040\000C\000o\000n\000d\000i\000t\000i\000o\000n\000s}{section.20.4}% 279
\BOOKMARK [1][-]{section.20.5}{\376\377\000T\000h\000e\000\040\000O\000b\000s\000e\000r\000v\000a\000t\000i\000o\000n\000\040\000B\000o\000u\000n\000d\000a\000r\000y\000\040\000a\000n\000d\000\040\000t\000h\000e\000\040\000D\000a\000r\000k\000\040\000S\000e\000c\000t\000o\000r}{chapter.20}% 280
\BOOKMARK [2][-]{subsection.20.5.1}{\376\377\000C\000a\000t\000e\000g\000o\000r\000i\000c\000a\000l\000\040\000E\000n\000u\000m\000e\000r\000a\000t\000i\000o\000n\000\040\000a\000t\000\040\000H\000e\000a\000t\000\040\000D\000e\000a\000t\000h}{section.20.5}% 281
\BOOKMARK [2][-]{subsection.20.5.2}{\376\377\000T\000h\000e\000\040\000-\000\040\000x\000\040\000S\000t\000r\000u\000c\000t\000u\000r\000e}{section.20.5}% 282
\BOOKMARK [2][-]{subsection.20.5.3}{\376\377\000T\000h\000e\000\040\000O\000b\000s\000e\000r\000v\000a\000t\000i\000o\000n\000\040\000B\000o\000u\000n\000d\000a\000r\000y\000\040}{section.20.5}% 283
\BOOKMARK [2][-]{subsection.20.5.4}{\376\377\000C\000a\000t\000e\000g\000o\000r\000i\000c\000a\000l\000\040\000E\000x\000h\000a\000u\000s\000t\000i\000o\000n\000\040\000a\000n\000d\000\040\000C\000y\000c\000l\000i\000c\000\040\000E\000v\000o\000l\000u\000t\000i\000o\000n}{section.20.5}% 284
\BOOKMARK [2][-]{subsection.20.5.5}{\376\377\000T\000h\000e\000\040\000C\000a\000t\000e\000g\000o\000r\000i\000c\000a\000l\000\040\000A\000r\000r\000o\000w\000\040\000o\000f\000\040\000T\000i\000m\000e}{section.20.5}% 285
\BOOKMARK [1][-]{section.20.6}{\376\377\000E\000p\000i\000l\000o\000g\000u\000e\000:\000\040\000T\000h\000e\000\040\000C\000o\000m\000p\000l\000e\000t\000e\000\040\000F\000r\000a\000m\000e\000w\000o\000r\000k}{chapter.20}% 286
\BOOKMARK [-1][-]{part.8}{\376\377\000V\000I\000I\000I\000\040\000M\000a\000s\000s\000\040\000S\000p\000e\000c\000t\000r\000o\000m\000e\000t\000r\000y\000\040\000a\000s\000\040\000P\000h\000y\000s\000i\000c\000a\000l\000\040\000M\000e\000a\000s\000u\000r\000e\000m\000e\000n\000t}{}% 287
\BOOKMARK [0][-]{chapter.21}{\376\377\000T\000h\000e\000\040\000F\000o\000r\000c\000e\000-\000F\000r\000e\000e\000\040\000I\000o\000n\000:\000\040\000P\000a\000r\000t\000i\000t\000i\000o\000n\000\040\000D\000e\000p\000t\000h\000\040\000M\000i\000n\000i\000m\000i\000s\000a\000t\000i\000o\000n}{part.8}% 288
\BOOKMARK [1][-]{section.21.1}{\376\377\000T\000h\000e\000\040\000C\000e\000n\000t\000r\000a\000l\000\040\000T\000h\000e\000s\000i\000s\000:\000\040\000F\000o\000r\000c\000e\000s\000\040\000A\000r\000e\000\040\000N\000o\000t\000\040\000F\000u\000n\000d\000a\000m\000e\000n\000t\000a\000l}{chapter.21}% 289
\BOOKMARK [1][-]{section.21.2}{\376\377\000E\000l\000i\000m\000i\000n\000a\000t\000i\000n\000g\000\040\000t\000h\000e\000\040\000F\000o\000u\000r\000\040\000F\000o\000r\000c\000e\000s}{chapter.21}% 290
\BOOKMARK [2][-]{subsection.21.2.1}{\376\377\000G\000r\000a\000v\000i\000t\000y\000\040\000a\000s\000\040\000P\000a\000r\000t\000i\000t\000i\000o\000n\000\040\000D\000e\000p\000t\000h\000\040\000G\000r\000a\000d\000i\000e\000n\000t}{section.21.2}% 291
\BOOKMARK [2][-]{subsection.21.2.2}{\376\377\000T\000h\000e\000\040\000S\000t\000r\000o\000n\000g\000\040\000I\000n\000t\000e\000r\000a\000c\000t\000i\000o\000n\000\040\000a\000s\000\040\000P\000a\000r\000t\000i\000t\000i\000o\000n\000\040\000S\000h\000a\000r\000i\000n\000g}{section.21.2}% 292
\BOOKMARK [2][-]{subsection.21.2.3}{\376\377\000E\000l\000e\000c\000t\000r\000o\000m\000a\000g\000n\000e\000t\000i\000s\000m\000\040\000a\000s\000\040\000C\000a\000t\000e\000g\000o\000r\000i\000c\000a\000l\000\040\000S\000t\000a\000t\000e\000\040\000P\000r\000o\000p\000a\000g\000a\000t\000i\000o\000n}{section.21.2}% 293
\BOOKMARK [2][-]{subsection.21.2.4}{\376\377\000T\000h\000e\000\040\000W\000e\000a\000k\000\040\000I\000n\000t\000e\000r\000a\000c\000t\000i\000o\000n\000\040\000a\000s\000\040\000P\000a\000r\000t\000i\000t\000i\000o\000n\000\040\000T\000r\000a\000n\000s\000i\000t\000i\000o\000n}{section.21.2}% 294
\BOOKMARK [2][-]{subsection.21.2.5}{\376\377\000S\000u\000m\000m\000a\000r\000y\000\040\000o\000f\000\040\000F\000o\000r\000c\000e\000\040\000E\000l\000i\000m\000i\000n\000a\000t\000i\000o\000n}{section.21.2}% 295
\BOOKMARK [1][-]{section.21.3}{\376\377\000I\000o\000n\000s\000\040\000a\000s\000\040\000P\000a\000r\000t\000i\000t\000i\000o\000n\000\040\000M\000a\000l\000f\000o\000r\000m\000a\000t\000i\000o\000n\000s}{chapter.21}% 296
\BOOKMARK [1][-]{section.21.4}{\376\377\000T\000h\000e\000\040\000P\000a\000r\000t\000i\000t\000i\000o\000n\000\040\000L\000a\000g\000r\000a\000n\000g\000i\000a\000n}{chapter.21}% 297
\BOOKMARK [1][-]{section.21.5}{\376\377\000A\000l\000l\000\040\000F\000o\000u\000r\000\040\000A\000n\000a\000l\000y\000s\000e\000r\000\040\000E\000q\000u\000a\000t\000i\000o\000n\000s\000\040\000f\000r\000o\000m\000\040\000O\000n\000e\000\040\000L\000a\000g\000r\000a\000n\000g\000i\000a\000n}{chapter.21}% 298
\BOOKMARK [2][-]{subsection.21.5.1}{\376\377\000T\000i\000m\000e\000-\000o\000f\000-\000F\000l\000i\000g\000h\000t\000\040\000A\000n\000a\000l\000y\000s\000e\000r}{section.21.5}% 299
\BOOKMARK [2][-]{subsection.21.5.2}{\376\377\000Q\000u\000a\000d\000r\000u\000p\000o\000l\000e\000\040\000M\000a\000s\000s\000\040\000F\000i\000l\000t\000e\000r}{section.21.5}% 300
\BOOKMARK [2][-]{subsection.21.5.3}{\376\377\000O\000r\000b\000i\000t\000r\000a\000p}{section.21.5}% 301
\BOOKMARK [2][-]{subsection.21.5.4}{\376\377\000F\000o\000u\000r\000i\000e\000r\000-\000T\000r\000a\000n\000s\000f\000o\000r\000m\000\040\000I\000o\000n\000\040\000C\000y\000c\000l\000o\000t\000r\000o\000n\000\040\000R\000e\000s\000o\000n\000a\000n\000c\000e}{section.21.5}% 302
\BOOKMARK [2][-]{subsection.21.5.5}{\376\377\000U\000n\000i\000v\000e\000r\000s\000a\000l\000\040\000S\000u\000m\000m\000a\000r\000y\000\040\000T\000a\000b\000l\000e}{section.21.5}% 303
\BOOKMARK [1][-]{section.21.6}{\376\377\000I\000o\000n\000i\000s\000a\000t\000i\000o\000n\000\040\000a\000s\000\040\000P\000a\000r\000t\000i\000t\000i\000o\000n\000\040\000C\000r\000e\000a\000t\000i\000o\000n}{chapter.21}% 304
\BOOKMARK [2][-]{subsection.21.6.1}{\376\377\000I\000o\000n\000i\000s\000a\000t\000i\000o\000n\000\040\000E\000n\000e\000r\000g\000y\000\040\000a\000s\000\040\000P\000a\000r\000t\000i\000t\000i\000o\000n\000\040\000C\000r\000e\000a\000t\000i\000o\000n\000\040\000C\000o\000s\000t}{section.21.6}% 305
\BOOKMARK [2][-]{subsection.21.6.2}{\376\377\000M\000u\000l\000t\000i\000p\000l\000e\000\040\000C\000h\000a\000r\000g\000i\000n\000g}{section.21.6}% 306
\BOOKMARK [1][-]{section.21.7}{\376\377\000T\000h\000e\000\040\000C\000o\000m\000p\000l\000e\000t\000e\000\040\000F\000o\000r\000c\000e\000-\000F\000r\000e\000e\000\040\000I\000o\000n\000\040\000J\000o\000u\000r\000n\000e\000y}{chapter.21}% 307
\BOOKMARK [2][-]{subsection.21.7.1}{\376\377\000I\000o\000n\000\040\000O\000p\000t\000i\000c\000s\000\040\000a\000s\000\040\000P\000a\000r\000t\000i\000t\000i\000o\000n\000\040\000G\000r\000a\000d\000i\000e\000n\000t\000\040\000D\000e\000s\000c\000e\000n\000t}{section.21.7}% 308
\BOOKMARK [2][-]{subsection.21.7.2}{\376\377\000F\000r\000a\000g\000m\000e\000n\000t\000a\000t\000i\000o\000n\000\040\000a\000s\000\040\000P\000a\000r\000t\000i\000t\000i\000o\000n\000\040\000R\000e\000d\000i\000s\000t\000r\000i\000b\000u\000t\000i\000o\000n}{section.21.7}% 309
\BOOKMARK [2][-]{subsection.21.7.3}{\376\377\000D\000e\000t\000e\000c\000t\000i\000o\000n\000\040\000a\000s\000\040\000P\000a\000r\000t\000i\000t\000i\000o\000n\000\040\000C\000o\000m\000p\000l\000e\000t\000i\000o\000n}{section.21.7}% 310
\BOOKMARK [2][-]{subsection.21.7.4}{\376\377\000S\000i\000g\000n\000a\000l\000\040\000P\000r\000o\000p\000a\000g\000a\000t\000i\000o\000n\000\040\000T\000h\000r\000o\000u\000g\000h\000\040\000E\000l\000e\000c\000t\000r\000o\000n\000i\000c\000s}{section.21.7}% 311
\BOOKMARK [1][-]{section.21.8}{\376\377\000C\000a\000t\000e\000g\000o\000r\000i\000c\000a\000l\000\040\000T\000r\000a\000n\000s\000p\000o\000r\000t\000\040\000L\000a\000w\000s}{chapter.21}% 312
\BOOKMARK [2][-]{subsection.21.8.1}{\376\377\000O\000h\000m\000'\000s\000\040\000L\000a\000w\000\040\000f\000r\000o\000m\000\040\000P\000a\000r\000t\000i\000t\000i\000o\000n\000\040\000L\000a\000g}{section.21.8}% 313
\BOOKMARK [2][-]{subsection.21.8.2}{\376\377\000K\000i\000r\000c\000h\000h\000o\000f\000f\000'\000s\000\040\000L\000a\000w\000s\000\040\000f\000r\000o\000m\000\040\000C\000a\000t\000e\000g\000o\000r\000i\000c\000a\000l\000\040\000C\000o\000n\000s\000e\000r\000v\000a\000t\000i\000o\000n}{section.21.8}% 314
\BOOKMARK [2][-]{subsection.21.8.3}{\376\377\000S\000u\000p\000e\000r\000c\000o\000n\000d\000u\000c\000t\000i\000v\000i\000t\000y\000\040\000a\000s\000\040\000P\000a\000r\000t\000i\000t\000i\000o\000n\000\040\000E\000x\000t\000i\000n\000c\000t\000i\000o\000n}{section.21.8}% 315
\BOOKMARK [1][-]{section.21.9}{\376\377\000V\000a\000l\000i\000d\000a\000t\000i\000o\000n\000:\000\040\000S\000c\000a\000l\000i\000n\000g\000\040\000L\000a\000w\000s\000\040\000a\000n\000d\000\040\000N\000u\000m\000e\000r\000i\000c\000a\000l\000\040\000C\000h\000e\000c\000k\000s}{chapter.21}% 316
\BOOKMARK [2][-]{subsection.21.9.1}{\376\377\000A\000n\000a\000l\000y\000s\000e\000r\000\040\000S\000c\000a\000l\000i\000n\000g\000\040\000L\000a\000w\000\040\000V\000e\000r\000i\000f\000i\000c\000a\000t\000i\000o\000n}{section.21.9}% 317
\BOOKMARK [2][-]{subsection.21.9.2}{\376\377\000F\000o\000r\000c\000e\000\040\000E\000l\000i\000m\000i\000n\000a\000t\000i\000o\000n\000\040\000V\000e\000r\000i\000f\000i\000c\000a\000t\000i\000o\000n}{section.21.9}% 318
\BOOKMARK [2][-]{subsection.21.9.3}{\376\377\000F\000a\000l\000s\000i\000f\000i\000a\000b\000l\000e\000\040\000P\000r\000e\000d\000i\000c\000t\000i\000o\000n\000s}{section.21.9}% 319
\BOOKMARK [1][-]{section.21.10}{\376\377\000W\000h\000y\000\040\000t\000h\000e\000\040\000F\000o\000r\000c\000e\000\040\000D\000e\000s\000c\000r\000i\000p\000t\000i\000o\000n\000\040\000S\000u\000r\000v\000i\000v\000e\000d\000\040\000S\000o\000\040\000L\000o\000n\000g}{chapter.21}% 320
\BOOKMARK [0][-]{chapter.22}{\376\377\000G\000P\000U\000\040\000F\000r\000a\000g\000m\000e\000n\000t\000\040\000S\000h\000a\000d\000e\000r\000s\000\040\000a\000s\000\040\000O\000b\000s\000e\000r\000v\000a\000t\000i\000o\000n\000\040\000A\000p\000p\000a\000r\000a\000t\000u\000s}{part.8}% 321
\BOOKMARK [1][-]{section.22.1}{\376\377\000T\000h\000e\000\040\000G\000P\000U\000\040\000I\000s\000\040\000t\000h\000e\000\040\000I\000n\000s\000t\000r\000u\000m\000e\000n\000t}{chapter.22}% 322
\BOOKMARK [1][-]{section.22.2}{\376\377\000W\000h\000y\000\040\000T\000h\000i\000s\000\040\000I\000s\000\040\000N\000o\000t\000\040\000S\000i\000m\000u\000l\000a\000t\000i\000o\000n}{chapter.22}% 323
\BOOKMARK [1][-]{section.22.3}{\376\377\000T\000h\000e\000\040\000S\000i\000x\000-\000P\000a\000s\000s\000\040\000A\000r\000c\000h\000i\000t\000e\000c\000t\000u\000r\000e\000:\000\040\000O\000v\000e\000r\000v\000i\000e\000w}{chapter.22}% 324
\BOOKMARK [1][-]{section.22.4}{\376\377\000P\000a\000s\000s\000\040\0001\000:\000\040\000I\000o\000n\000i\000s\000a\000t\000i\000o\000n\000\040\000\050\000P\000a\000r\000t\000i\000t\000i\000o\000n\000\040\000C\000r\000e\000a\000t\000i\000o\000n\000\051}{chapter.22}% 325
\BOOKMARK [2][-]{subsection.22.4.1}{\376\377\000P\000h\000y\000s\000i\000c\000a\000l\000\040\000C\000o\000r\000r\000e\000s\000p\000o\000n\000d\000e\000n\000c\000e}{section.22.4}% 326
\BOOKMARK [2][-]{subsection.22.4.2}{\376\377\000S\000h\000a\000d\000e\000r\000\040\000S\000p\000e\000c\000i\000f\000i\000c\000a\000t\000i\000o\000n}{section.22.4}% 327
\BOOKMARK [1][-]{section.22.5}{\376\377\000P\000a\000s\000s\000\040\0002\000:\000\040\000I\000o\000n\000\040\000O\000p\000t\000i\000c\000s\000\040\000\050\000P\000a\000r\000t\000i\000t\000i\000o\000n\000\040\000G\000r\000a\000d\000i\000e\000n\000t\000\040\000D\000e\000s\000c\000e\000n\000t\000\051}{chapter.22}% 328
\BOOKMARK [2][-]{subsection.22.5.1}{\376\377\000P\000h\000y\000s\000i\000c\000a\000l\000\040\000C\000o\000r\000r\000e\000s\000p\000o\000n\000d\000e\000n\000c\000e}{section.22.5}% 329
\BOOKMARK [2][-]{subsection.22.5.2}{\376\377\000S\000h\000a\000d\000e\000r\000\040\000S\000p\000e\000c\000i\000f\000i\000c\000a\000t\000i\000o\000n}{section.22.5}% 330
\BOOKMARK [1][-]{section.22.6}{\376\377\000P\000a\000s\000s\000\040\0003\000:\000\040\000M\000a\000s\000s\000\040\000A\000n\000a\000l\000y\000s\000i\000s\000\040\000\050\000P\000a\000r\000t\000i\000t\000i\000o\000n\000\040\000T\000o\000p\000o\000l\000o\000g\000y\000\040\000N\000a\000v\000i\000g\000a\000t\000i\000o\000n\000\051}{chapter.22}% 331
\BOOKMARK [2][-]{subsection.22.6.1}{\376\377\000P\000h\000y\000s\000i\000c\000a\000l\000\040\000C\000o\000r\000r\000e\000s\000p\000o\000n\000d\000e\000n\000c\000e}{section.22.6}% 332
\BOOKMARK [2][-]{subsection.22.6.2}{\376\377\000U\000n\000i\000f\000i\000e\000d\000\040\000S\000h\000a\000d\000e\000r\000\040\000f\000o\000r\000\040\000A\000l\000l\000\040\000F\000o\000u\000r\000\040\000A\000n\000a\000l\000y\000s\000e\000r\000s}{section.22.6}% 333
\BOOKMARK [1][-]{section.22.7}{\376\377\000P\000a\000s\000s\000\040\0004\000:\000\040\000F\000r\000a\000g\000m\000e\000n\000t\000a\000t\000i\000o\000n\000\040\000\050\000P\000a\000r\000t\000i\000t\000i\000o\000n\000\040\000D\000e\000p\000t\000h\000\040\000R\000e\000d\000i\000s\000t\000r\000i\000b\000u\000t\000i\000o\000n\000\051}{chapter.22}% 334
\BOOKMARK [2][-]{subsection.22.7.1}{\376\377\000P\000h\000y\000s\000i\000c\000a\000l\000\040\000C\000o\000r\000r\000e\000s\000p\000o\000n\000d\000e\000n\000c\000e}{section.22.7}% 335
\BOOKMARK [2][-]{subsection.22.7.2}{\376\377\000S\000h\000a\000d\000e\000r\000\040\000S\000p\000e\000c\000i\000f\000i\000c\000a\000t\000i\000o\000n}{section.22.7}% 336
\BOOKMARK [1][-]{section.22.8}{\376\377\000P\000a\000s\000s\000\040\0005\000:\000\040\000D\000e\000t\000e\000c\000t\000i\000o\000n\000\040\000\050\000P\000a\000r\000t\000i\000t\000i\000o\000n\000\040\000C\000o\000m\000p\000l\000e\000t\000i\000o\000n\000\051}{chapter.22}% 337
\BOOKMARK [2][-]{subsection.22.8.1}{\376\377\000P\000h\000y\000s\000i\000c\000a\000l\000\040\000C\000o\000r\000r\000e\000s\000p\000o\000n\000d\000e\000n\000c\000e}{section.22.8}% 338
\BOOKMARK [2][-]{subsection.22.8.2}{\376\377\000S\000h\000a\000d\000e\000r\000\040\000S\000p\000e\000c\000i\000f\000i\000c\000a\000t\000i\000o\000n}{section.22.8}% 339
\BOOKMARK [1][-]{section.22.9}{\376\377\000P\000a\000s\000s\000\040\0006\000:\000\040\000S\000i\000g\000n\000a\000l\000\040\000P\000r\000o\000p\000a\000g\000a\000t\000i\000o\000n\000\040\000\050\000C\000a\000t\000e\000g\000o\000r\000i\000c\000a\000l\000\040\000S\000t\000a\000t\000e\000\040\000F\000l\000u\000x\000\051}{chapter.22}% 340
\BOOKMARK [2][-]{subsection.22.9.1}{\376\377\000P\000h\000y\000s\000i\000c\000a\000l\000\040\000C\000o\000r\000r\000e\000s\000p\000o\000n\000d\000e\000n\000c\000e}{section.22.9}% 341
\BOOKMARK [2][-]{subsection.22.9.2}{\376\377\000S\000h\000a\000d\000e\000r\000\040\000S\000p\000e\000c\000i\000f\000i\000c\000a\000t\000i\000o\000n}{section.22.9}% 342
\BOOKMARK [1][-]{section.22.10}{\376\377\000W\000h\000y\000\040\000A\000d\000d\000i\000t\000i\000v\000e\000\040\000B\000l\000e\000n\000d\000i\000n\000g\000\040\000R\000e\000p\000l\000a\000c\000e\000s\000\040\000t\000h\000e\000\040\000A\000c\000c\000u\000m\000u\000l\000a\000t\000i\000o\000n\000\040\000L\000o\000o\000p}{chapter.22}% 343
\BOOKMARK [1][-]{section.22.11}{\376\377\000O\000\050\0001\000\051\000\040\000M\000e\000m\000o\000r\000y\000\040\000A\000r\000c\000h\000i\000t\000e\000c\000t\000u\000r\000e}{chapter.22}% 344
\BOOKMARK [2][-]{subsection.22.11.1}{\376\377\000T\000h\000e\000\040\000T\000r\000a\000d\000i\000t\000i\000o\000n\000a\000l\000\040\000S\000t\000o\000r\000a\000g\000e\000\040\000P\000r\000o\000b\000l\000e\000m}{section.22.11}% 345
\BOOKMARK [2][-]{subsection.22.11.2}{\376\377\000O\000b\000s\000e\000r\000v\000a\000t\000i\000o\000n\000\040\000I\000s\000\040\000F\000r\000e\000e\000\040\000t\000o\000\040\000R\000e\000-\000p\000e\000r\000f\000o\000r\000m}{section.22.11}% 346
\BOOKMARK [2][-]{subsection.22.11.3}{\376\377\000S\000t\000r\000e\000a\000m\000i\000n\000g\000\040\000A\000r\000c\000h\000i\000t\000e\000c\000t\000u\000r\000e}{section.22.11}% 347
\BOOKMARK [1][-]{section.22.12}{\376\377\000P\000h\000y\000s\000i\000c\000a\000l\000\040\000Q\000u\000a\000l\000i\000t\000y\000\040\000M\000e\000t\000r\000i\000c\000s\000:\000\040\000G\000P\000U\000\040\000O\000b\000s\000e\000r\000v\000a\000b\000l\000e\000s\000\040\000a\000s\000\040\000P\000h\000y\000s\000i\000c\000a\000l\000\040\000O\000b\000s\000e\000r\000v\000a\000b\000l\000e\000s}{chapter.22}% 348
\BOOKMARK [2][-]{subsection.22.12.1}{\376\377\000F\000r\000o\000m\000\040\000P\000i\000x\000e\000l\000\040\000V\000a\000l\000u\000e\000s\000\040\000t\000o\000\040\000P\000h\000y\000s\000i\000c\000a\000l\000\040\000M\000e\000a\000s\000u\000r\000e\000m\000e\000n\000t\000s}{section.22.12}% 349
\BOOKMARK [1][-]{section.22.13}{\376\377\000B\000i\000j\000e\000c\000t\000i\000v\000e\000\040\000V\000a\000l\000i\000d\000a\000t\000i\000o\000n}{chapter.22}% 350
\BOOKMARK [2][-]{subsection.22.13.1}{\376\377\000S\000e\000l\000f\000-\000C\000o\000n\000s\000i\000s\000t\000e\000n\000c\000y\000\040\000a\000s\000\040\000a\000\040\000P\000h\000y\000s\000i\000c\000a\000l\000\040\000O\000b\000s\000e\000r\000v\000a\000b\000l\000e}{section.22.13}% 351
\BOOKMARK [1][-]{section.22.14}{\376\377\000T\000h\000e\000\040\000P\000r\000o\000c\000e\000s\000s\000o\000r\000-\000O\000s\000c\000i\000l\000l\000a\000t\000o\000r\000\040\000D\000u\000a\000l\000i\000t\000y\000\040\000i\000n\000\040\000t\000h\000e\000\040\000G\000P\000U}{chapter.22}% 352
\BOOKMARK [1][-]{section.22.15}{\376\377\000T\000h\000e\000\040\000T\000r\000i\000p\000l\000e\000\040\000O\000b\000s\000e\000r\000v\000a\000t\000i\000o\000n\000\040\000A\000r\000c\000h\000i\000t\000e\000c\000t\000u\000r\000e}{chapter.22}% 353
\BOOKMARK [1][-]{section.22.16}{\376\377\000E\000x\000p\000e\000r\000i\000m\000e\000n\000t\000a\000l\000\040\000V\000a\000l\000i\000d\000a\000t\000i\000o\000n}{chapter.22}% 354
\BOOKMARK [2][-]{subsection.22.16.1}{\376\377\000A\000n\000a\000l\000y\000s\000e\000r\000\040\000S\000c\000a\000l\000i\000n\000g\000\040\000L\000a\000w\000s}{section.22.16}% 355
\BOOKMARK [2][-]{subsection.22.16.2}{\376\377\000I\000o\000n\000i\000s\000a\000t\000i\000o\000n\000\040\000E\000n\000e\000r\000g\000y}{section.22.16}% 356
\BOOKMARK [2][-]{subsection.22.16.3}{\376\377\000S\000i\000g\000n\000a\000l\000\040\000P\000r\000o\000p\000a\000g\000a\000t\000i\000o\000n}{section.22.16}% 357
\BOOKMARK [2][-]{subsection.22.16.4}{\376\377\000C\000h\000e\000m\000i\000c\000a\000l\000\040\000F\000a\000m\000i\000l\000y\000\040\000C\000o\000h\000e\000s\000i\000o\000n}{section.22.16}% 358
\BOOKMARK [1][-]{section.22.17}{\376\377\000I\000m\000p\000l\000i\000c\000a\000t\000i\000o\000n\000s\000\040\000f\000o\000r\000\040\000I\000n\000s\000t\000r\000u\000m\000e\000n\000t\000\040\000D\000e\000s\000i\000g\000n}{chapter.22}% 359
\BOOKMARK [1][-]{section.22.18}{\376\377\000T\000h\000e\000\040\000M\000a\000s\000s\000\040\000S\000p\000e\000c\000t\000r\000o\000m\000e\000t\000e\000r\000\040\000R\000e\000a\000d\000s\000\040\000P\000a\000r\000t\000i\000t\000i\000o\000n\000\040\000M\000e\000m\000o\000r\000y}{chapter.22}% 360
\BOOKMARK [0][-]{chapter.23}{\376\377\000T\000h\000e\000\040\000G\000e\000n\000e\000r\000a\000t\000i\000v\000e\000\040\000S\000p\000e\000c\000t\000r\000a\000l\000\040\000D\000a\000t\000a\000b\000a\000s\000e}{part.8}% 361
\BOOKMARK [1][-]{section.23.1}{\376\377\000T\000h\000e\000\040\000S\000t\000o\000r\000a\000g\000e\000\040\000P\000a\000r\000a\000d\000o\000x}{chapter.23}% 362
\BOOKMARK [1][-]{section.23.2}{\376\377\000S\000-\000E\000n\000t\000r\000o\000p\000y\000\040\000C\000o\000o\000r\000d\000i\000n\000a\000t\000e\000\040\000S\000p\000a\000c\000e}{chapter.23}% 363
\BOOKMARK [2][-]{subsection.23.2.1}{\376\377\000T\000h\000r\000e\000e\000\040\000D\000i\000m\000e\000n\000s\000i\000o\000n\000s\000\040\000o\000f\000\040\000M\000o\000l\000e\000c\000u\000l\000a\000r\000\040\000I\000d\000e\000n\000t\000i\000t\000y}{section.23.2}% 364
\BOOKMARK [2][-]{subsection.23.2.2}{\376\377\000T\000h\000e\000\040\000S\000-\000E\000n\000t\000r\000o\000p\000y\000\040\000S\000p\000a\000c\000e}{section.23.2}% 365
\BOOKMARK [1][-]{section.23.3}{\376\377\000T\000e\000r\000n\000a\000r\000y\000\040\000E\000n\000c\000o\000d\000i\000n\000g}{chapter.23}% 366
\BOOKMARK [2][-]{subsection.23.3.1}{\376\377\000W\000h\000y\000\040\000B\000a\000s\000e\000\040\0003}{section.23.3}% 367
\BOOKMARK [2][-]{subsection.23.3.2}{\376\377\000T\000h\000e\000\040\000I\000n\000t\000e\000r\000l\000e\000a\000v\000i\000n\000g\000\040\000S\000c\000h\000e\000m\000e}{section.23.3}% 368
\BOOKMARK [2][-]{subsection.23.3.3}{\376\377\000T\000r\000i\000t\040\023\000C\000e\000l\000l\000\040\000B\000i\000j\000e\000c\000t\000i\000o\000n}{section.23.3}% 369
\BOOKMARK [2][-]{subsection.23.3.4}{\376\377\000D\000i\000s\000t\000a\000n\000c\000e\000\040\000P\000r\000e\000s\000e\000r\000v\000a\000t\000i\000o\000n}{section.23.3}% 370
\BOOKMARK [2][-]{subsection.23.3.5}{\376\377\000C\000o\000n\000t\000i\000n\000u\000o\000u\000s\000\040\000E\000m\000e\000r\000g\000e\000n\000c\000e}{section.23.3}% 371
\BOOKMARK [1][-]{section.23.4}{\376\377\000T\000h\000e\000\040\000P\000a\000r\000t\000i\000t\000i\000o\000n\000\040\000L\000a\000g\000r\000a\000n\000g\000i\000a\000n}{chapter.23}% 372
\BOOKMARK [2][-]{subsection.23.4.1}{\376\377\000P\000a\000r\000t\000i\000t\000i\000o\000n\000\040\000G\000e\000o\000m\000e\000t\000r\000y\000\040\000a\000n\000d\000\040\000C\000h\000a\000r\000g\000e\000\040\000E\000m\000e\000r\000g\000e\000n\000c\000e}{section.23.4}% 373
\BOOKMARK [2][-]{subsection.23.4.2}{\376\377\000T\000h\000e\000\040\000L\000a\000g\000r\000a\000n\000g\000i\000a\000n\000\040\000C\000o\000n\000s\000t\000r\000u\000c\000t\000i\000o\000n}{section.23.4}% 374
\BOOKMARK [2][-]{subsection.23.4.3}{\376\377\000T\000h\000e\000\040\000F\000u\000n\000d\000a\000m\000e\000n\000t\000a\000l\000\040\000I\000d\000e\000n\000t\000i\000t\000y}{section.23.4}% 375
\BOOKMARK [2][-]{subsection.23.4.4}{\376\377\000D\000e\000r\000i\000v\000a\000t\000i\000o\000n\000\040\000o\000f\000\040\000A\000l\000l\000\040\000A\000n\000a\000l\000y\000s\000e\000r\000\040\000E\000q\000u\000a\000t\000i\000o\000n\000s}{section.23.4}% 376
\BOOKMARK [1][-]{section.23.5}{\376\377\000T\000r\000a\000j\000e\000c\000t\000o\000r\000y\000\040\000D\000e\000t\000e\000r\000m\000i\000n\000i\000s\000m\000\040\000a\000n\000d\000\040\000O\000n\000-\000D\000e\000m\000a\000n\000d\000\040\000G\000e\000n\000e\000r\000a\000t\000i\000o\000n}{chapter.23}% 377
\BOOKMARK [2][-]{subsection.23.5.1}{\376\377\000F\000r\000o\000m\000\040\000A\000d\000d\000r\000e\000s\000s\000i\000n\000g\000\040\000t\000o\000\040\000G\000e\000n\000e\000r\000a\000t\000i\000o\000n}{section.23.5}% 378
\BOOKMARK [2][-]{subsection.23.5.2}{\376\377\000T\000h\000e\000\040\000G\000e\000n\000e\000r\000a\000t\000i\000v\000e\000\040\000D\000a\000t\000a\000b\000a\000s\000e}{section.23.5}% 379
\BOOKMARK [2][-]{subsection.23.5.3}{\376\377\000T\000h\000e\000\040\000G\000e\000n\000e\000r\000a\000t\000i\000o\000n\000\040\000P\000r\000o\000t\000o\000c\000o\000l}{section.23.5}% 380
\BOOKMARK [2][-]{subsection.23.5.4}{\376\377\000V\000i\000r\000t\000u\000a\000l\000\040\000D\000e\000t\000e\000c\000t\000o\000r\000\040\000L\000i\000f\000e\000c\000y\000c\000l\000e}{section.23.5}% 381
\BOOKMARK [1][-]{section.23.6}{\376\377\000T\000h\000e\000\040\000I\000o\000n\000-\000D\000r\000o\000p\000l\000e\000t\000\040\000B\000i\000j\000e\000c\000t\000i\000o\000n}{chapter.23}% 382
\BOOKMARK [2][-]{subsection.23.6.1}{\376\377\000D\000u\000a\000l\000\040\000O\000s\000c\000i\000l\000l\000a\000t\000o\000r\000y\000\040\000R\000e\000p\000r\000e\000s\000e\000n\000t\000a\000t\000i\000o\000n}{section.23.6}% 383
\BOOKMARK [2][-]{subsection.23.6.2}{\376\377\000B\000i\000j\000e\000c\000t\000i\000v\000e\000\040\000T\000r\000a\000n\000s\000f\000o\000r\000m\000a\000t\000i\000o\000n\000\040\000P\000r\000o\000o\000f}{section.23.6}% 384
\BOOKMARK [2][-]{subsection.23.6.3}{\376\377\000D\000u\000a\000l\000\040\000P\000a\000t\000h\000\040\000C\000o\000n\000v\000e\000r\000g\000e\000n\000c\000e}{section.23.6}% 385
\BOOKMARK [1][-]{section.23.7}{\376\377\000T\000h\000e\000\040\000E\000m\000p\000t\000y\000\040\000D\000a\000t\000a\000b\000a\000s\000e}{chapter.23}% 386
\BOOKMARK [2][-]{subsection.23.7.1}{\376\377\000W\000h\000a\000t\000\040\000t\000h\000e\000\040\000D\000a\000t\000a\000b\000a\000s\000e\000\040\000C\000o\000n\000t\000a\000i\000n\000s}{section.23.7}% 387
\BOOKMARK [2][-]{subsection.23.7.2}{\376\377\000C\000o\000m\000p\000a\000r\000i\000s\000o\000n\000\040\000w\000i\000t\000h\000\040\000T\000r\000a\000d\000i\000t\000i\000o\000n\000a\000l\000\040\000D\000a\000t\000a\000b\000a\000s\000e\000s}{section.23.7}% 388
\BOOKMARK [1][-]{section.23.8}{\376\377\000M\000o\000l\000e\000c\000u\000l\000a\000r\000\040\000T\000e\000s\000t\000\040\000S\000u\000i\000t\000e\000\040\000V\000a\000l\000i\000d\000a\000t\000i\000o\000n}{chapter.23}% 389
\BOOKMARK [2][-]{subsection.23.8.1}{\376\377\000D\000a\000t\000a\000b\000a\000s\000e\000\040\000C\000o\000m\000p\000o\000s\000i\000t\000i\000o\000n}{section.23.8}% 390
\BOOKMARK [2][-]{subsection.23.8.2}{\376\377\000G\000e\000n\000e\000r\000a\000t\000e\000d\000\040\000v\000s\000.\000\040\000E\000x\000p\000e\000r\000i\000m\000e\000n\000t\000a\000l}{section.23.8}% 391
\BOOKMARK [2][-]{subsection.23.8.3}{\376\377\000U\000n\000i\000q\000u\000e\000\040\000R\000e\000s\000o\000l\000u\000t\000i\000o\000n}{section.23.8}% 392
\BOOKMARK [2][-]{subsection.23.8.4}{\376\377\000C\000h\000e\000m\000i\000c\000a\000l\000\040\000S\000i\000m\000i\000l\000a\000r\000i\000t\000y\000\040\000V\000a\000l\000i\000d\000a\000t\000i\000o\000n}{section.23.8}% 393
\BOOKMARK [2][-]{subsection.23.8.5}{\376\377\000I\000o\000n\000-\000D\000r\000o\000p\000l\000e\000t\000\040\000B\000i\000j\000e\000c\000t\000i\000o\000n\000\040\000V\000a\000l\000i\000d\000a\000t\000i\000o\000n}{section.23.8}% 394
\BOOKMARK [1][-]{section.23.9}{\376\377\000C\000o\000m\000p\000l\000e\000x\000i\000t\000y\000\040\000A\000n\000a\000l\000y\000s\000i\000s}{chapter.23}% 395
\BOOKMARK [2][-]{subsection.23.9.1}{\376\377\000T\000r\000a\000d\000i\000t\000i\000o\000n\000a\000l\000\040\000S\000e\000a\000r\000c\000h\000:\000\040\000O\000\050\000N\000\040\000d\000\051}{section.23.9}% 396
\BOOKMARK [2][-]{subsection.23.9.2}{\376\377\000G\000e\000n\000e\000r\000a\000t\000i\000v\000e\000\040\000D\000a\000t\000a\000b\000a\000s\000e\000:\000\040\000O\000\050\000k\000\051}{section.23.9}% 397
\BOOKMARK [2][-]{subsection.23.9.3}{\376\377\000S\000p\000e\000e\000d\000u\000p\000\040\000A\000n\000a\000l\000y\000s\000i\000s}{section.23.9}% 398
\BOOKMARK [2][-]{subsection.23.9.4}{\376\377\000S\000t\000o\000r\000a\000g\000e\000\040\000A\000n\000a\000l\000y\000s\000i\000s}{section.23.9}% 399
\BOOKMARK [1][-]{section.23.10}{\376\377\000D\000i\000s\000c\000u\000s\000s\000i\000o\000n}{chapter.23}% 400
\BOOKMARK [2][-]{subsection.23.10.1}{\376\377\000W\000h\000a\000t\000\040\000W\000a\000s\000\040\000D\000e\000m\000o\000n\000s\000t\000r\000a\000t\000e\000d}{section.23.10}% 401
\BOOKMARK [2][-]{subsection.23.10.2}{\376\377\000T\000h\000e\000\040\000D\000a\000t\000a\000b\000a\000s\000e\000\040\000T\000h\000a\000t\000\040\000C\000o\000n\000t\000a\000i\000n\000s\000\040\000N\000o\000t\000h\000i\000n\000g}{section.23.10}% 402
\BOOKMARK [2][-]{subsection.23.10.3}{\376\377\000F\000r\000o\000m\000\040\000C\000o\000u\000n\000t\000i\000n\000g\000\040\000t\000o\000\040\000C\000h\000e\000m\000i\000s\000t\000r\000y}{section.23.10}% 403
\BOOKMARK [2][-]{subsection.23.10.4}{\376\377\000F\000a\000l\000s\000i\000f\000i\000a\000b\000l\000e\000\040\000P\000r\000e\000d\000i\000c\000t\000i\000o\000n\000s}{section.23.10}% 404
\BOOKMARK [0][-]{chapter.24}{\376\377\000P\000u\000r\000p\000o\000s\000e\000-\000B\000a\000s\000e\000d\000\040\000A\000n\000a\000l\000y\000s\000i\000s\000\040\000a\000n\000d\000\040\000t\000h\000e\000\040\000M\000o\000l\000e\000c\000u\000l\000a\000r\000\040\000M\000a\000x\000w\000e\000l\000l\000\040\000D\000e\000m\000o\000n}{part.8}% 405
\BOOKMARK [1][-]{section.24.1}{\376\377\000T\000h\000e\000\040\000D\000o\000u\000b\000l\000e\000\040\000I\000n\000e\000f\000f\000i\000c\000i\000e\000n\000c\000y}{chapter.24}% 406
\BOOKMARK [1][-]{section.24.2}{\376\377\000C\000o\000m\000p\000a\000r\000i\000s\000o\000n\000\040\000a\000s\000\040\000R\000e\000s\000o\000n\000a\000n\000c\000e}{chapter.24}% 407
\BOOKMARK [2][-]{subsection.24.2.1}{\376\377\000T\000h\000e\000\040\000C\000o\000m\000p\000u\000t\000a\000t\000i\000o\000n\000-\000F\000r\000e\000e\000\040\000C\000o\000m\000p\000a\000r\000i\000s\000o\000n\000\040\000P\000r\000i\000n\000c\000i\000p\000l\000e}{section.24.2}% 408
\BOOKMARK [2][-]{subsection.24.2.2}{\376\377\000O\000s\000c\000i\000l\000l\000a\000t\000o\000r\000y\000\040\000R\000e\000s\000o\000n\000a\000n\000c\000e}{section.24.2}% 409
\BOOKMARK [2][-]{subsection.24.2.3}{\376\377\000T\000h\000e\000\040\000U\000l\000t\000r\000a\000m\000e\000t\000r\000i\000c\000\040\000P\000r\000o\000p\000e\000r\000t\000y}{section.24.2}% 410
\BOOKMARK [2][-]{subsection.24.2.4}{\376\377\000C\000o\000m\000m\000u\000t\000a\000t\000i\000o\000n\000\040\000o\000f\000\040\000C\000o\000m\000p\000a\000r\000i\000s\000o\000n\000\040\000a\000n\000d\000\040\000I\000d\000e\000n\000t\000i\000f\000i\000c\000a\000t\000i\000o\000n}{section.24.2}% 411
\BOOKMARK [1][-]{section.24.3}{\376\377\000D\000u\000a\000l\000\040\000O\000s\000c\000i\000l\000l\000a\000t\000o\000r\000y\000\040\000P\000a\000t\000h\000s}{chapter.24}% 412
\BOOKMARK [2][-]{subsection.24.3.1}{\376\377\000T\000h\000e\000\040\000I\000o\000n\000\040\000P\000a\000t\000h}{section.24.3}% 413
\BOOKMARK [2][-]{subsection.24.3.2}{\376\377\000T\000h\000e\000\040\000D\000r\000o\000p\000l\000e\000t\000\040\000P\000a\000t\000h}{section.24.3}% 414
\BOOKMARK [2][-]{subsection.24.3.3}{\376\377\000I\000o\000n\000-\000D\000r\000o\000p\000l\000e\000t\000\040\000B\000i\000j\000e\000c\000t\000i\000o\000n}{section.24.3}% 415
\BOOKMARK [2][-]{subsection.24.3.4}{\376\377\000B\000i\000d\000i\000r\000e\000c\000t\000i\000o\000n\000a\000l\000\040\000R\000e\000s\000o\000n\000a\000n\000c\000e}{section.24.3}% 416
\BOOKMARK [1][-]{section.24.4}{\376\377\000T\000h\000e\000\040\000M\000o\000l\000e\000c\000u\000l\000a\000r\000\040\000M\000a\000x\000w\000e\000l\000l\000\040\000D\000e\000m\000o\000n}{chapter.24}% 417
\BOOKMARK [2][-]{subsection.24.4.1}{\376\377\000I\000n\000f\000o\000r\000m\000a\000t\000i\000o\000n\000\040\000C\000a\000t\000a\000l\000y\000s\000i\000s}{section.24.4}% 418
\BOOKMARK [2][-]{subsection.24.4.2}{\376\377\000T\000h\000e\000\040\000P\000u\000r\000p\000o\000s\000e\000\040\000M\000M\000D\000:\000\040\000A\000\040\000M\000e\000t\000a\000-\000L\000e\000v\000e\000l\000\040\000F\000i\000l\000t\000e\000r}{section.24.4}% 419
\BOOKMARK [2][-]{subsection.24.4.3}{\376\377\000E\000n\000t\000r\000o\000p\000y\000\040\000R\000e\000d\000u\000c\000t\000i\000o\000n}{section.24.4}% 420
\BOOKMARK [2][-]{subsection.24.4.4}{\376\377\000L\000a\000n\000d\000a\000u\000e\000r\000\040\000C\000o\000s\000t}{section.24.4}% 421
\BOOKMARK [2][-]{subsection.24.4.5}{\376\377\000R\000e\000c\000o\000v\000e\000r\000a\000b\000i\000l\000i\000t\000y}{section.24.4}% 422
\BOOKMARK [1][-]{section.24.5}{\376\377\000P\000r\000o\000m\000p\000t\000\040\000S\000y\000n\000t\000h\000e\000s\000i\000s}{chapter.24}% 423
\BOOKMARK [2][-]{subsection.24.5.1}{\376\377\000D\000o\000m\000a\000i\000n\000\040\000C\000o\000n\000t\000e\000x\000t\000\040\000a\000s\000\040\000I\000n\000f\000o\000r\000m\000a\000t\000i\000o\000n}{section.24.5}% 424
\BOOKMARK [2][-]{subsection.24.5.2}{\376\377\000T\000h\000e\000\040\000P\000u\000r\000p\000o\000s\000e\000\040\000F\000u\000n\000c\000t\000i\000o\000n}{section.24.5}% 425
\BOOKMARK [2][-]{subsection.24.5.3}{\376\377\000T\000e\000r\000n\000a\000r\000y\000\040\000P\000r\000e\000f\000i\000x\000\040\000I\000n\000t\000e\000r\000p\000r\000e\000t\000a\000t\000i\000o\000n}{section.24.5}% 426
\BOOKMARK [2][-]{subsection.24.5.4}{\376\377\000T\000h\000e\000\040\000C\000o\000n\000s\000t\000r\000a\000i\000n\000e\000d\000\040\000L\000a\000g\000r\000a\000n\000g\000i\000a\000n}{section.24.5}% 427
\BOOKMARK [2][-]{subsection.24.5.5}{\376\377\000P\000u\000r\000p\000o\000s\000e\000\040\000C\000o\000m\000p\000o\000s\000i\000t\000i\000o\000n}{section.24.5}% 428
\BOOKMARK [1][-]{section.24.6}{\376\377\000S\000e\000l\000e\000c\000t\000i\000v\000e\000\040\000G\000e\000n\000e\000r\000a\000t\000i\000o\000n}{chapter.24}% 429
\BOOKMARK [2][-]{subsection.24.6.1}{\376\377\000G\000e\000n\000e\000r\000a\000t\000i\000o\000n\000\040\000v\000s\000.\000\040\000E\000x\000h\000a\000u\000s\000t\000i\000v\000e\000\040\000S\000e\000a\000r\000c\000h}{section.24.6}% 430
\BOOKMARK [2][-]{subsection.24.6.2}{\376\377\000T\000h\000e\000\040\000S\000e\000l\000e\000c\000t\000i\000v\000e\000\040\000G\000e\000n\000e\000r\000a\000t\000i\000o\000n\000\040\000T\000h\000e\000o\000r\000e\000m}{section.24.6}% 431
\BOOKMARK [2][-]{subsection.24.6.3}{\376\377\000I\000n\000f\000o\000r\000m\000a\000t\000i\000o\000n\000-\000T\000h\000e\000o\000r\000e\000t\000i\000c\000\040\000O\000p\000t\000i\000m\000a\000l\000i\000t\000y}{section.24.6}% 432
\BOOKMARK [2][-]{subsection.24.6.4}{\376\377\000A\000c\000c\000u\000r\000a\000c\000y\000\040\000P\000r\000e\000s\000e\000r\000v\000a\000t\000i\000o\000n}{section.24.6}% 433
\BOOKMARK [1][-]{section.24.7}{\376\377\000D\000o\000m\000a\000i\000n\000-\000S\000p\000e\000c\000i\000f\000i\000c\000\040\000R\000e\000d\000u\000c\000t\000i\000o\000n\000\040\000B\000o\000u\000n\000d\000s}{chapter.24}% 434
\BOOKMARK [2][-]{subsection.24.7.1}{\376\377\000M\000e\000t\000a\000b\000o\000l\000o\000m\000i\000c\000s}{section.24.7}% 435
\BOOKMARK [2][-]{subsection.24.7.2}{\376\377\000G\000l\000y\000c\000o\000m\000i\000c\000s}{section.24.7}% 436
\BOOKMARK [2][-]{subsection.24.7.3}{\376\377\000P\000r\000o\000t\000e\000o\000m\000i\000c\000s}{section.24.7}% 437
\BOOKMARK [2][-]{subsection.24.7.4}{\376\377\000D\000o\000m\000a\000i\000n\000\040\000C\000o\000m\000p\000a\000r\000i\000s\000o\000n}{section.24.7}% 438
\BOOKMARK [1][-]{section.24.8}{\376\377\000E\000x\000p\000e\000r\000i\000m\000e\000n\000t\000a\000l\000\040\000V\000a\000l\000i\000d\000a\000t\000i\000o\000n}{chapter.24}% 439
\BOOKMARK [2][-]{subsection.24.8.1}{\376\377\000T\000e\000s\000t\000\040\000F\000r\000a\000m\000e\000w\000o\000r\000k}{section.24.8}% 440
\BOOKMARK [2][-]{subsection.24.8.2}{\376\377\000M\000e\000t\000a\000b\000o\000l\000o\000m\000i\000c\000s\000\040\000V\000a\000l\000i\000d\000a\000t\000i\000o\000n}{section.24.8}% 441
\BOOKMARK [2][-]{subsection.24.8.3}{\376\377\000G\000l\000y\000c\000o\000m\000i\000c\000s\000\040\000V\000a\000l\000i\000d\000a\000t\000i\000o\000n}{section.24.8}% 442
\BOOKMARK [2][-]{subsection.24.8.4}{\376\377\000C\000r\000o\000s\000s\000-\000D\000o\000m\000a\000i\000n\000\040\000T\000e\000s\000t\000s}{section.24.8}% 443
\BOOKMARK [2][-]{subsection.24.8.5}{\376\377\000D\000u\000a\000l\000-\000P\000a\000t\000h\000\040\000V\000a\000l\000i\000d\000a\000t\000i\000o\000n}{section.24.8}% 444
\BOOKMARK [2][-]{subsection.24.8.6}{\376\377\000O\000s\000c\000i\000l\000l\000a\000t\000o\000r\000y\000\040\000C\000o\000m\000p\000a\000r\000i\000s\000o\000n\000\040\000V\000a\000l\000i\000d\000a\000t\000i\000o\000n}{section.24.8}% 445
\BOOKMARK [2][-]{subsection.24.8.7}{\376\377\000I\000d\000e\000n\000t\000i\000f\000i\000c\000a\000t\000i\000o\000n\000\040\000A\000c\000c\000u\000r\000a\000c\000y\000\040\000S\000u\000m\000m\000a\000r\000y}{section.24.8}% 446
\BOOKMARK [2][-]{subsection.24.8.8}{\376\377\000S\000c\000a\000l\000i\000n\000g\000\040\000A\000n\000a\000l\000y\000s\000i\000s}{section.24.8}% 447
\BOOKMARK [1][-]{section.24.9}{\376\377\000D\000i\000s\000c\000u\000s\000s\000i\000o\000n}{chapter.24}% 448
\BOOKMARK [2][-]{subsection.24.9.1}{\376\377\000C\000o\000m\000p\000a\000r\000i\000s\000o\000n\000\040\000I\000s\000\040\000P\000h\000y\000s\000i\000c\000s\000,\000\040\000N\000o\000t\000\040\000C\000o\000m\000p\000u\000t\000a\000t\000i\000o\000n}{section.24.9}% 449
\BOOKMARK [2][-]{subsection.24.9.2}{\376\377\000P\000u\000r\000p\000o\000s\000e\000\040\000a\000s\000\040\000T\000h\000e\000r\000m\000o\000d\000y\000n\000a\000m\000i\000c\000\040\000C\000o\000n\000s\000t\000r\000a\000i\000n\000t}{section.24.9}% 450
\BOOKMARK [2][-]{subsection.24.9.3}{\376\377\000D\000o\000m\000a\000i\000n\000\040\000E\000x\000p\000e\000r\000t\000i\000s\000e\000\040\000I\000s\000\040\000T\000h\000e\000r\000m\000o\000d\000y\000n\000a\000m\000i\000c\000a\000l\000l\000y\000\040\000E\000s\000s\000e\000n\000t\000i\000a\000l}{section.24.9}% 451
\BOOKMARK [2][-]{subsection.24.9.4}{\376\377\000N\000o\000\040\000A\000c\000c\000u\000r\000a\000c\000y\000-\000E\000f\000f\000i\000c\000i\000e\000n\000c\000y\000\040\000T\000r\000a\000d\000e\000o\000f\000f}{section.24.9}% 452
\BOOKMARK [2][-]{subsection.24.9.5}{\376\377\000F\000a\000l\000s\000i\000f\000i\000a\000b\000l\000e\000\040\000P\000r\000e\000d\000i\000c\000t\000i\000o\000n\000s}{section.24.9}% 453
\BOOKMARK [-1][-]{part.9}{\376\377\000I\000X\000\040\000E\000m\000p\000i\000r\000i\000c\000a\000l\000\040\000C\000o\000n\000f\000i\000r\000m\000a\000t\000i\000o\000n}{}% 454
\BOOKMARK [0][-]{chapter.25}{\376\377\000O\000n\000e\000\040\000H\000u\000n\000d\000r\000e\000d\000\040\000a\000n\000d\000\040\000F\000o\000r\000t\000y\000-\000T\000w\000o\000\040\000P\000r\000e\000d\000i\000c\000t\000i\000o\000n\000s}{part.9}% 455
\BOOKMARK [1][-]{section*.139}{\376\377\000P\000r\000e\000l\000u\000d\000e}{chapter.25}% 456
\BOOKMARK [1][-]{section.25.1}{\376\377\000R\000u\000t\000h\000e\000r\000f\000o\000r\000d\000\040\000\050\0001\0009\0001\0001\000\051\000:\000\040\000T\000h\000i\000n\000-\000F\000o\000i\000l\000\040\000-\000P\000a\000r\000t\000i\000c\000l\000e\000\040\000S\000c\000a\000t\000t\000e\000r\000i\000n\000g}{chapter.25}% 457
\BOOKMARK [2][-]{subsection.25.1.1}{\376\377\000T\000h\000e\000\040\000e\000x\000p\000e\000r\000i\000m\000e\000n\000t\000\040\000i\000n\000\040\000b\000r\000i\000e\000f}{section.25.1}% 458
\BOOKMARK [2][-]{subsection.25.1.2}{\376\377\000H\000i\000s\000t\000o\000r\000i\000c\000a\000l\000\040\000o\000b\000s\000e\000r\000v\000a\000t\000i\000o\000n}{section.25.1}% 459
\BOOKMARK [2][-]{subsection.25.1.3}{\376\377\000T\000h\000e\000\040\000d\000e\000d\000u\000c\000e\000d\000\040\000p\000r\000e\000d\000i\000c\000t\000i\000o\000n}{section.25.1}% 460
\BOOKMARK [2][-]{subsection.25.1.4}{\376\377\000N\000u\000m\000e\000r\000i\000c\000a\000l\000\040\000c\000o\000m\000p\000a\000r\000i\000s\000o\000n}{section.25.1}% 461
\BOOKMARK [2][-]{subsection.25.1.5}{\376\377\000T\000h\000e\000\040\000s\000t\000r\000u\000c\000t\000u\000r\000a\000l\000\040\000p\000o\000i\000n\000t}{section.25.1}% 462
\BOOKMARK [1][-]{section.25.2}{\376\377\000H\000o\000f\000s\000t\000a\000d\000t\000e\000r\000\040\000\050\0001\0009\0005\0005\000\051\000:\000\040\000P\000r\000o\000t\000o\000n\000\040\000F\000o\000r\000m\000\040\000F\000a\000c\000t\000o\000r}{chapter.25}% 463
\BOOKMARK [2][-]{subsection.25.2.1}{\376\377\000N\000u\000m\000e\000r\000i\000c\000a\000l\000\040\000c\000o\000m\000p\000a\000r\000i\000s\000o\000n}{section.25.2}% 464
\BOOKMARK [1][-]{section.25.3}{\376\377\000H\000o\000f\000s\000t\000a\000d\000t\000e\000r\000\040\000\050\0001\0009\0005\0006\000\051\000:\000\040\000N\000u\000c\000l\000e\000a\000r\000\040\000R\000a\000d\000i\000i}{chapter.25}% 465
\BOOKMARK [1][-]{section.25.4}{\376\377\000N\000u\000c\000l\000e\000a\000r\000\040\000B\000i\000n\000d\000i\000n\000g\000\040\000E\000n\000e\000r\000g\000y\000\040\000C\000u\000r\000v\000e}{chapter.25}% 466
\BOOKMARK [1][-]{section.25.5}{\376\377\000M\000a\000g\000i\000c\000\040\000N\000u\000m\000b\000e\000r\000s}{chapter.25}% 467
\BOOKMARK [2][-]{subsection.25.5.1}{\376\377\000D\000o\000u\000b\000l\000y\000-\000m\000a\000g\000i\000c\000\040\000n\000u\000c\000l\000e\000i}{section.25.5}% 468
\BOOKMARK [1][-]{section.25.6}{\376\377\000M\000i\000l\000l\000i\000k\000a\000n\000\040\000\050\0001\0009\0000\0009\000/\0001\0009\0001\0003\000\051\000:\000\040\000C\000h\000a\000r\000g\000e\000\040\000Q\000u\000a\000n\000t\000i\000s\000a\000t\000i\000o\000n}{chapter.25}% 469
\BOOKMARK [1][-]{section.25.7}{\376\377\000M\000o\000s\000e\000l\000e\000y\000\040\000\050\0001\0009\0001\0003\000\051\000:\000\040\000N\000u\000c\000l\000e\000a\000r\000\040\000C\000h\000a\000r\000g\000e}{chapter.25}% 470
\BOOKMARK [1][-]{section.25.8}{\376\377\000E\000i\000n\000s\000t\000e\000i\000n\000\040\000\050\0001\0009\0000\0005\000\051\000:\000\040\000P\000h\000o\000t\000o\000e\000l\000e\000c\000t\000r\000i\000c\000\040\000E\000f\000f\000e\000c\000t}{chapter.25}% 471
\BOOKMARK [1][-]{section.25.9}{\376\377\000C\000o\000m\000p\000t\000o\000n\000\040\000\050\0001\0009\0002\0003\000\051\000:\000\040\000P\000h\000o\000t\000o\000n\000\040\000M\000o\000m\000e\000n\000t\000u\000m}{chapter.25}% 472
\BOOKMARK [1][-]{section.25.10}{\376\377\000S\000t\000e\000r\000n\040\023\000G\000e\000r\000l\000a\000c\000h\000\040\000\050\0001\0009\0002\0002\000\051\000:\000\040\000B\000i\000n\000a\000r\000y\000\040\000C\000h\000i\000r\000a\000l\000i\000t\000y}{chapter.25}% 473
\BOOKMARK [1][-]{section.25.11}{\376\377\000Z\000e\000e\000m\000a\000n\000\040\000\050\0001\0008\0009\0007\000\051\000:\000\040\000O\000r\000i\000e\000n\000t\000a\000t\000i\000o\000n\000\040\000S\000p\000l\000i\000t\000t\000i\000n\000g}{chapter.25}% 474
\BOOKMARK [2][-]{subsection.25.11.1}{\376\377\000N\000o\000r\000m\000a\000l\000\040\000Z\000e\000e\000m\000a\000n\000\040\000e\000f\000f\000e\000c\000t}{section.25.11}% 475
\BOOKMARK [2][-]{subsection.25.11.2}{\376\377\000A\000n\000o\000m\000a\000l\000o\000u\000s\000\040\000Z\000e\000e\000m\000a\000n\000\040\000e\000f\000f\000e\000c\000t}{section.25.11}% 476
\BOOKMARK [1][-]{section.25.12}{\376\377\000F\000r\000a\000n\000c\000k\040\023\000H\000e\000r\000t\000z\000\040\000\050\0001\0009\0001\0004\000\051\000:\000\040\000D\000i\000s\000c\000r\000e\000t\000e\000\040\000A\000t\000o\000m\000i\000c\000\040\000T\000r\000a\000n\000s\000i\000t\000i\000o\000n\000s}{chapter.25}% 477
\BOOKMARK [1][-]{section.25.13}{\376\377\000D\000a\000v\000i\000s\000s\000o\000n\040\023\000G\000e\000r\000m\000e\000r\000\040\000\050\0001\0009\0002\0007\000\051\000:\000\040\000E\000l\000e\000c\000t\000r\000o\000n\000\040\000D\000i\000f\000f\000r\000a\000c\000t\000i\000o\000n}{chapter.25}% 478
\BOOKMARK [1][-]{section.25.14}{\376\377\000D\000e\000e\000p\000-\000I\000n\000e\000l\000a\000s\000t\000i\000c\000\040\000S\000c\000a\000t\000t\000e\000r\000i\000n\000g\000:\000\040\000S\000c\000a\000l\000i\000n\000g\000\040\000a\000n\000d\000\040\000C\000o\000n\000f\000i\000n\000e\000m\000e\000n\000t}{chapter.25}% 479
\BOOKMARK [1][-]{section.25.15}{\376\377\000A\000t\000o\000m\000i\000c\000\040\000S\000p\000e\000c\000t\000r\000a\000:\000\040\000T\000h\000e\000\040\000R\000y\000d\000b\000e\000r\000g\000\040\000F\000o\000r\000m\000u\000l\000a}{chapter.25}% 480
\BOOKMARK [1][-]{section.25.16}{\376\377\000P\000a\000r\000t\000i\000t\000i\000o\000n\000\040\000E\000x\000t\000i\000n\000c\000t\000i\000o\000n\000:\000\040\000S\000u\000p\000e\000r\000c\000o\000n\000d\000u\000c\000t\000i\000v\000i\000t\000y\000,\000\040\000S\000u\000p\000e\000r\000f\000l\000u\000i\000d\000i\000t\000y\000,\000\040\000B\000E\000C}{chapter.25}% 481
\BOOKMARK [2][-]{subsection.25.16.1}{\376\377\000B\000C\000S\000\040\000s\000u\000p\000e\000r\000c\000o\000n\000d\000u\000c\000t\000o\000r\000s}{section.25.16}% 482
\BOOKMARK [2][-]{subsection.25.16.2}{\376\377\000S\000u\000p\000e\000r\000f\000l\000u\000i\000d\000\040\000h\000e\000l\000i\000u\000m}{section.25.16}% 483
\BOOKMARK [2][-]{subsection.25.16.3}{\376\377\000D\000i\000l\000u\000t\000e\000-\000g\000a\000s\000\040\000B\000o\000s\000e\040\023\000E\000i\000n\000s\000t\000e\000i\000n\000\040\000c\000o\000n\000d\000e\000n\000s\000a\000t\000i\000o\000n}{section.25.16}% 484
\BOOKMARK [1][-]{section.25.17}{\376\377\000T\000r\000a\000n\000s\000p\000o\000r\000t\000\040\000C\000o\000e\000f\000f\000i\000c\000i\000e\000n\000t\000s\000\040\000A\000c\000r\000o\000s\000s\000\040\000M\000e\000t\000a\000l\000s\000\040\000a\000n\000d\000\040\000F\000l\000u\000i\000d\000s}{chapter.25}% 485
\BOOKMARK [2][-]{subsection.25.17.1}{\376\377\000E\000l\000e\000c\000t\000r\000i\000c\000a\000l\000\040\000r\000e\000s\000i\000s\000t\000i\000v\000i\000t\000y}{section.25.17}% 486
\BOOKMARK [2][-]{subsection.25.17.2}{\376\377\000V\000i\000s\000c\000o\000s\000i\000t\000y}{section.25.17}% 487
\BOOKMARK [2][-]{subsection.25.17.3}{\376\377\000W\000i\000e\000d\000e\000m\000a\000n\000n\040\023\000F\000r\000a\000n\000z\000\040\000l\000a\000w}{section.25.17}% 488
\BOOKMARK [1][-]{section.25.18}{\376\377\000A\000t\000o\000m\000i\000c\000\040\000I\000o\000n\000i\000s\000a\000t\000i\000o\000n\000\040\000E\000n\000e\000r\000g\000i\000e\000s\000\040\000A\000c\000r\000o\000s\000s\000\040\000t\000h\000e\000\040\000P\000e\000r\000i\000o\000d\000i\000c\000\040\000T\000a\000b\000l\000e}{chapter.25}% 489
\BOOKMARK [1][-]{section.25.19}{\376\377\000C\000a\000t\000e\000g\000o\000r\000i\000c\000a\000l\000\040\000R\000e\000s\000o\000l\000u\000t\000i\000o\000n\000\040\000a\000n\000d\000\040\000t\000h\000e\000\040\000T\000r\000a\000n\000s\000-\000P\000l\000a\000n\000c\000k\000i\000a\000n\000\040\000R\000e\000g\000i\000m\000e}{chapter.25}% 490
\BOOKMARK [1][-]{section.25.20}{\376\377\000V\000i\000r\000t\000u\000a\000l\000\040\000M\000u\000l\000t\000i\000-\000M\000o\000d\000a\000l\000\040\000C\000h\000r\000o\000m\000a\000t\000o\000g\000r\000a\000p\000h\000y}{chapter.25}% 491
\BOOKMARK [1][-]{section.25.21}{\376\377\000N\000u\000m\000e\000r\000i\000c\000a\000l\000\040\000D\000e\000r\000i\000v\000a\000t\000i\000o\000n\000\040\000o\000f\000\040\000t\000h\000e\000\040\000S\000p\000e\000e\000d\000\040\000o\000f\000\040\000L\000i\000g\000h\000t}{chapter.25}% 492
\BOOKMARK [1][-]{section.25.22}{\376\377\000U\000n\000i\000v\000e\000r\000s\000a\000l\000\040\000E\000q\000u\000a\000t\000i\000o\000n\000\040\000o\000f\000\040\000S\000t\000a\000t\000e\000\040\000a\000n\000d\000\040\000S\000i\000n\000g\000l\000e\000-\000P\000a\000r\000t\000i\000c\000l\000e\000\040\000G\000a\000s\000\040\000L\000a\000w}{chapter.25}% 493
\BOOKMARK [1][-]{section.25.23}{\376\377\000T\000h\000e\000\040\000D\000a\000r\000k\000-\000t\000o\000-\000O\000r\000d\000i\000n\000a\000r\000y\000\040\000M\000a\000t\000t\000e\000r\000\040\000R\000a\000t\000i\000o}{chapter.25}% 494
\BOOKMARK [1][-]{section.25.24}{\376\377\000C\000a\000t\000e\000g\000o\000r\000i\000c\000a\000l\000\040\000E\000n\000u\000m\000e\000r\000a\000t\000i\000o\000n\000\040\000a\000n\000d\000\040\000t\000h\000e\000\040\000O\000b\000s\000e\000r\000v\000a\000t\000i\000o\000n\000\040\000B\000o\000u\000n\000d\000a\000r\000y}{chapter.25}% 495
\BOOKMARK [1][-]{section.25.25}{\376\377\000I\000n\000s\000t\000r\000u\000m\000e\000n\000t\000\040\000V\000a\000l\000i\000d\000a\000t\000i\000o\000n\000:\000\040\000H\000a\000r\000m\000o\000n\000i\000c\000\040\000M\000o\000l\000e\000c\000u\000l\000a\000r\000\040\000R\000e\000s\000o\000n\000a\000t\000o\000r}{chapter.25}% 496
\BOOKMARK [1][-]{section.25.26}{\376\377\000I\000n\000s\000t\000r\000u\000m\000e\000n\000t\000\040\000V\000a\000l\000i\000d\000a\000t\000i\000o\000n\000:\000\040\000S\000p\000e\000c\000t\000r\000a\000l\000\040\000H\000o\000l\000o\000g\000r\000a\000p\000h\000y}{chapter.25}% 497
\BOOKMARK [1][-]{section.25.27}{\376\377\000I\000n\000s\000t\000r\000u\000m\000e\000n\000t\000\040\000V\000a\000l\000i\000d\000a\000t\000i\000o\000n\000:\000\040\000M\000u\000l\000t\000i\000-\000M\000o\000d\000a\000l\000\040\000V\000i\000r\000t\000u\000a\000l\000\040\000S\000p\000e\000c\000t\000r\000o\000m\000e\000t\000e\000r}{chapter.25}% 498
\BOOKMARK [1][-]{section.25.28}{\376\377\000S\000u\000m\000m\000a\000r\000y\000\040\000o\000f\000\040\000E\000m\000p\000i\000r\000i\000c\000a\000l\000\040\000C\000o\000n\000f\000i\000r\000m\000a\000t\000i\000o\000n\000s}{chapter.25}% 499
\BOOKMARK [2][-]{subsection.25.28.1}{\376\377\000T\000h\000e\000\040\000f\000u\000l\000l\000\040\0001\0004\0002\000-\000p\000r\000e\000d\000i\000c\000t\000i\000o\000n\000\040\000l\000e\000d\000g\000e\000r}{section.25.28}% 500
\BOOKMARK [2][-]{subsection.25.28.2}{\376\377\000A\000g\000g\000r\000e\000g\000a\000t\000e\000\040\000s\000t\000a\000t\000i\000s\000t\000i\000c\000s}{section.25.28}% 501
\BOOKMARK [1][-]{section.25.29}{\376\377\000P\000r\000o\000s\000p\000e\000c\000t\000s\000\040\000a\000n\000d\000\040\000F\000a\000l\000s\000i\000f\000i\000a\000b\000l\000e\000\040\000P\000r\000e\000d\000i\000c\000t\000i\000o\000n\000s\000\040\000N\000o\000t\000\040\000Y\000e\000t\000\040\000T\000e\000s\000t\000e\000d}{chapter.25}% 502
\BOOKMARK [-1][-]{part*.165}{\376\377\000C\000o\000d\000a\000:\000\040\000W\000h\000a\000t\000\040\000R\000e\000m\000a\000i\000n\000s\000\040\000W\000h\000e\000n\000\040\000O\000n\000e\000\040\000A\000x\000i\000o\000m\000\040\000S\000u\000f\000f\000i\000c\000e\000s}{}% 503
\BOOKMARK [0][-]{chapter.26}{\376\377\000T\000h\000e\000\040\000U\000n\000i\000o\000n}{part*.165}% 504
\BOOKMARK [1][-]{section.26.1}{\376\377\000W\000h\000a\000t\000\040\000H\000a\000s\000\040\000B\000e\000e\000n\000\040\000S\000h\000o\000w\000n}{chapter.26}% 505
\BOOKMARK [1][-]{section.26.2}{\376\377\000T\000h\000e\000\040\000T\000w\000o\000\040\000C\000r\000o\000w\000n\000s}{chapter.26}% 506
\BOOKMARK [1][-]{section.26.3}{\376\377\000T\000h\000e\000\040\000U\000n\000i\000o\000n}{chapter.26}% 507
\BOOKMARK [1][-]{section.26.4}{\376\377\000T\000h\000e\000\040\000F\000i\000v\000e\000\040\000U\000n\000i\000o\000n\000s\000,\000\040\000R\000e\000v\000i\000s\000i\000t\000e\000d}{chapter.26}% 508
\BOOKMARK [1][-]{section.26.5}{\376\377\000W\000h\000a\000t\000\040\000R\000e\000m\000a\000i\000n\000s}{chapter.26}% 509
\BOOKMARK [0][-]{appendix*.166}{\376\377\000D\000e\000d\000u\000c\000t\000i\000v\000e\000\040\000F\000l\000o\000w\000\040\000C\000h\000a\000r\000t}{part*.165}% 510
\BOOKMARK [1][-]{section*.167}{\376\377\000D\000e\000d\000u\000c\000t\000i\000v\000e\000\040\000A\000r\000c\000h\000i\000t\000e\000c\000t\000u\000r\000e}{appendix*.166}% 511
\BOOKMARK [0][-]{appendix*.168}{\376\377\000M\000a\000t\000h\000e\000m\000a\000t\000i\000c\000a\000l\000\040\000N\000o\000t\000a\000t\000i\000o\000n\000\040\000a\000n\000d\000\040\000G\000l\000o\000s\000s\000a\000r\000y}{part*.165}% 512
\BOOKMARK [1][-]{section*.169}{\376\377\000M\000a\000t\000h\000e\000m\000a\000t\000i\000c\000a\000l\000\040\000N\000o\000t\000a\000t\000i\000o\000n}{appendix*.168}% 513
\BOOKMARK [1][-]{table.Alph0.1}{\376\377\000G\000l\000o\000s\000s\000a\000r\000y}{appendix*.168}% 514
\BOOKMARK [1][-]{table.Alph0.1}{\376\377\000C\000o\000m\000m\000e\000n\000t\000a\000r\000y\000\040\000o\000n\000\040\000S\000e\000l\000e\000c\000t\000\040\000C\000o\000n\000s\000e\000q\000u\000e\000n\000c\000e\000s}{appendix*.168}% 515
\BOOKMARK [1][-]{table.Alph0.1}{\376\377\000R\000e\000s\000p\000o\000n\000s\000e\000\040\000t\000o\000\040\000O\000b\000j\000e\000c\000t\000i\000o\000n\000s}{appendix*.168}% 516
\BOOKMARK [1][-]{table.Alph0.1}{\376\377\000S\000t\000y\000l\000i\000s\000t\000i\000c\000\040\000N\000o\000t\000e}{appendix*.168}% 517
\BOOKMARK [0][-]{appendix*.170}{\376\377\000E\000x\000p\000e\000r\000i\000m\000e\000n\000t\000a\000l\000\040\000P\000r\000e\000d\000i\000c\000t\000i\000o\000n\000s\000\040\000S\000u\000m\000m\000a\000r\000y}{part*.165}% 518
\BOOKMARK [1][-]{section*.171}{\376\377\000S\000u\000m\000m\000a\000r\000y\000\040\000o\000f\000\040\000E\000m\000p\000i\000r\000i\000c\000a\000l\000\040\000S\000u\000p\000p\000o\000r\000t}{appendix*.170}% 519
\BOOKMARK [2][-]{section*.171}{\376\377\000W\000h\000a\000t\000\040\000t\000h\000e\000\040\000R\000e\000c\000o\000r\000d\000\040\000S\000h\000o\000w\000s}{appendix*.170}% 520
\BOOKMARK [2][-]{section*.171}{\376\377\000F\000a\000l\000s\000i\000f\000i\000a\000b\000i\000l\000i\000t\000y\000\040\000L\000e\000d\000g\000e\000r}{appendix*.170}% 521
\BOOKMARK [2][-]{table.caption.172}{\376\377\000S\000t\000r\000u\000c\000t\000u\000r\000e\000\040\000o\000f\000\040\000t\000h\000e\000\040\000R\000e\000c\000o\000r\000d}{appendix*.170}% 522
\BOOKMARK [2][-]{table.caption.173}{\376\377\000P\000r\000e\000d\000i\000c\000t\000i\000o\000n\000s\000\040\000N\000o\000t\000\040\000Y\000e\000t\000\040\000T\000e\000s\000t\000e\000d}{appendix*.170}% 523
\BOOKMARK [2][-]{Item.170}{\376\377\000P\000a\000r\000s\000i\000m\000o\000n\000y}{appendix*.170}% 524
